PredicateSignature,count,mean_q_error,median_q_error,p95_q_error,max_q_error
mc.company_id:=|mc.company_type_id:<|ci.person_id:<|ci.role_id:=,1,226.33333333333334,226.33333333333334,226.33333333333334,226.33333333333334
t.kind_id:=|t.production_year:=|ci.role_id:>,1,118.875,118.875,118.875,118.875
t.kind_id:>|t.production_year:=|mc.company_id:=|mc.company_type_id:<,1,36.5,36.5,36.5,36.5
t.kind_id:<|t.production_year:>|mc.company_id:=|mc.company_type_id:<,1,28.25609756097561,28.25609756097561,28.25609756097561,28.25609756097561
t.kind_id:<|t.production_year:<|mc.company_id:=|mc.company_type_id:>,1,23.708243727598568,23.708243727598568,23.708243727598568,23.708243727598568
t.kind_id:>|mc.company_id:<|mk.keyword_id:=,1,22.666666666666668,22.666666666666668,22.666666666666668,22.666666666666668
ci.role_id:<|mk.keyword_id:=,1,22.293956043956044,22.293956043956044,22.293956043956044,22.293956043956044
t.production_year:<|ci.person_id:=|ci.role_id:=,1,21.071428571428573,21.071428571428573,21.071428571428573,21.071428571428573
t.kind_id:=|t.production_year:<|mc.company_id:=|mc.company_type_id:=,1,21.0,21.0,21.0,21.0
t.kind_id:<|mc.company_id:=|mc.company_type_id:=|ci.person_id:<|ci.role_id:<,1,20.17391304347826,20.17391304347826,20.17391304347826,20.17391304347826
t.kind_id:<|t.production_year:>|mk.keyword_id:=,1,17.70689655172414,17.70689655172414,17.70689655172414,17.70689655172414
ci.person_id:=|ci.role_id:=,13,16.379222413455178,6.6923076923076925,61.19999999999985,128.0
t.production_year:<|ci.person_id:=|ci.role_id:>,1,16.35483870967742,16.35483870967742,16.35483870967742,16.35483870967742
t.kind_id:<|t.production_year:>|ci.person_id:=,1,15.0,15.0,15.0,15.0
mc.company_id:=|mi_idx.info_type_id:<,1,14.5,14.5,14.5,14.5
mi.info_type_id:>|mk.keyword_id:=,2,12.14378425875927,12.14378425875927,17.55279880804153,18.15380042462845
t.kind_id:<|ci.person_id:=|ci.role_id:>,1,12.0,12.0,12.0,12.0
t.kind_id:<|mi_idx.info_type_id:=|mk.keyword_id:=,1,11.889795918367346,11.889795918367346,11.889795918367346,11.889795918367346
mc.company_type_id:=|ci.person_id:=,1,11.666666666666666,11.666666666666666,11.666666666666666,11.666666666666666
mc.company_id:=|mc.company_type_id:>|mk.keyword_id:>,1,10.304347826086957,10.304347826086957,10.304347826086957,10.304347826086957
mc.company_id:<|ci.person_id:=,1,10.194444444444445,10.194444444444445,10.194444444444445,10.194444444444445
t.kind_id:<|mc.company_id:=|mi_idx.info_type_id:=,1,10.08695652173913,10.08695652173913,10.08695652173913,10.08695652173913
t.production_year:>|mc.company_id:=,3,9.803305836617694,5.724489795918367,20.84347701697501,22.523364485981308
t.kind_id:=|mi.info_type_id:>|mk.keyword_id:=,1,9.58187134502924,9.58187134502924,9.58187134502924,9.58187134502924
ci.person_id:=,41,9.21705199971345,6.8,35.25,39.6
t.kind_id:<|t.production_year:<|ci.person_id:=|ci.role_id:<,1,9.0,9.0,9.0,9.0
t.production_year:>|mc.company_id:>|ci.person_id:=,1,8.333333333333334,8.333333333333334,8.333333333333334,8.333333333333334
t.kind_id:=|ci.person_id:>|mk.keyword_id:=,1,8.173202614379084,8.173202614379084,8.173202614379084,8.173202614379084
t.production_year:<|ci.person_id:=,1,7.6875,7.6875,7.6875,7.6875
t.kind_id:>|t.production_year:=|mc.company_id:=|mc.company_type_id:>,1,7.625,7.625,7.625,7.625
ci.person_id:=|ci.role_id:=|mk.keyword_id:>,1,7.375,7.375,7.375,7.375
t.kind_id:<|t.production_year:<|mc.company_id:=|mc.company_type_id:<,1,7.249720044792833,7.249720044792833,7.249720044792833,7.249720044792833
t.kind_id:<|t.production_year:<|mc.company_id:=|mc.company_type_id:=,1,7.197195130632875,7.197195130632875,7.197195130632875,7.197195130632875
mc.company_id:=|mc.company_type_id:=,18,7.196030290965571,1.5853174603174605,23.66071428571427,33.07142857142857
t.kind_id:=|t.production_year:<|mi.info_type_id:>|mk.keyword_id:>,1,7.0,7.0,7.0,7.0
ci.person_id:=|ci.role_id:>,12,6.837070676109952,2.929618768328446,23.349999999999998,25.0
t.kind_id:<|t.production_year:>|ci.person_id:<|ci.role_id:=|mi.info_type_id:=,1,6.591461026243635,6.591461026243635,6.591461026243635,6.591461026243635
ci.person_id:=|ci.role_id:<,16,6.496152839128501,3.852251407129456,16.025240384615387,27.53846153846154
t.kind_id:=|t.production_year:<|ci.person_id:<|ci.role_id:=|mk.keyword_id:>,1,6.25,6.25,6.25,6.25
t.production_year:<|ci.person_id:=|mi.info_type_id:<,1,6.076923076923077,6.076923076923077,6.076923076923077,6.076923076923077
t.kind_id:<|t.production_year:>|ci.person_id:=|ci.role_id:<,2,6.0,6.0,6.0,6.0
t.kind_id:<|mk.keyword_id:=,7,5.722620860167952,3.7751004016064256,14.590367979991633,17.8268124042562
mi.info_type_id:<|mk.keyword_id:=,3,5.694168581293273,6.5253991291727145,7.664250439233061,7.79078947368421
mc.company_id:=|ci.person_id:<|ci.role_id:<,1,5.48,5.48,5.48,5.48
mc.company_id:=|mi.info_type_id:<,2,5.431551173325674,5.431551173325674,7.50338096425854,7.733584274362191
t.kind_id:<|mc.company_id:=|ci.person_id:<,1,5.345487693710118,5.345487693710118,5.345487693710118,5.345487693710118
t.production_year:<|mk.keyword_id:=,4,5.3208440665102135,4.249707499707499,8.20608108108108,8.882352941176471
mc.company_type_id:=|mk.keyword_id:=,1,5.258741258741258,5.258741258741258,5.258741258741258,5.258741258741258
t.kind_id:>|mk.keyword_id:=,4,5.162238946510386,2.425141242937853,12.446986817325797,14.11111111111111
t.production_year:<|mi.info_type_id:>|mk.keyword_id:=,3,5.063651526453017,2.6330685759033448,10.57531637007547,11.457788347205707
t.kind_id:<|mc.company_id:=,1,5.0,5.0,5.0,5.0
mc.company_id:=,25,4.727770618539895,2.6470588235294117,16.452631578947354,20.519685039370078
mc.company_id:=|mc.company_type_id:>,8,4.721170266433539,2.9542861143197174,10.299999999999999,11.0
t.production_year:<|mc.company_id:>|mc.company_type_id:>|mk.keyword_id:=,1,4.5,4.5,4.5,4.5
t.production_year:>|mc.company_id:<|mc.company_type_id:<,1,4.470558115719406,4.470558115719406,4.470558115719406,4.470558115719406
t.production_year:>|ci.person_id:=|ci.role_id:<|mi_idx.info_type_id:=,1,4.363636363636363,4.363636363636363,4.363636363636363,4.363636363636363
ci.person_id:>|mk.keyword_id:=,1,4.206799750467873,4.206799750467873,4.206799750467873,4.206799750467873
mc.company_id:=|mc.company_type_id:<,12,4.051431382640745,3.389276373147341,8.13822115384615,10.23076923076923
t.kind_id:>|t.production_year:=|mk.keyword_id:=,2,4.033882783882784,4.033882783882784,6.210531135531135,6.4523809523809526
t.kind_id:=|t.production_year:<|mk.keyword_id:=,4,4.017175921168317,1.9787962867810776,9.736882129277564,11.0
t.kind_id:<|t.production_year:=|mc.company_id:=,1,4.0,4.0,4.0,4.0
t.kind_id:<|t.production_year:=|mk.keyword_id:=,2,3.942606003303999,3.942606003303999,6.174077114091867,6.422018348623853
t.production_year:=|mi_idx.info_type_id:<,2,3.8375165562913907,3.8375165562913907,6.233751655629139,6.5
t.kind_id:=|ci.person_id:=|ci.role_id:>,1,3.8333333333333335,3.8333333333333335,3.8333333333333335,3.8333333333333335
t.kind_id:>|t.production_year:>|mc.company_id:<|mc.company_type_id:=,1,3.770707656612529,3.770707656612529,3.770707656612529,3.770707656612529
t.kind_id:>|ci.person_id:>|ci.role_id:=,5,3.704093102397865,1.3390515023542546,11.069460919072087,13.50184433298835
mi.info_type_id:=|mk.keyword_id:=,1,3.5294117647058822,3.5294117647058822,3.5294117647058822,3.5294117647058822
t.kind_id:<|t.production_year:=|mi_idx.info_type_id:=,2,3.446749506058226,3.446749506058226,5.417402223333095,5.636363636363637
mi.info_type_id:=,4,3.4447489529107695,1.497565329696611,8.29002240937739,9.48295003965107
t.kind_id:=|mk.keyword_id:=,5,3.4092667788864413,2.9444444444444446,5.817160497229955,5.943661971830986
t.kind_id:=|t.production_year:=|mc.company_id:>|mc.company_type_id:=|mk.keyword_id:<,1,3.408333333333333,3.408333333333333,3.408333333333333,3.408333333333333
t.kind_id:=|t.production_year:<|ci.person_id:>,1,3.40087887625936,3.40087887625936,3.40087887625936,3.40087887625936
t.production_year:>|mk.keyword_id:=,6,3.333930625637814,2.2692214700193425,7.229166666666667,8.0
t.kind_id:=|mc.company_id:=,3,3.2893921401640096,4.0,4.642897239981288,4.7143302666458755
t.kind_id:=|t.production_year:=|mc.company_id:>|mi_idx.info_type_id:=,1,3.2777777777777777,3.2777777777777777,3.2777777777777777,3.2777777777777777
t.production_year:<|ci.person_id:<|ci.role_id:=|mk.keyword_id:>,1,3.2290024112912286,3.2290024112912286,3.2290024112912286,3.2290024112912286
t.kind_id:=|t.production_year:>|mc.company_id:=|mc.company_type_id:<|mi.info_type_id:<,1,3.227488151658768,3.227488151658768,3.227488151658768,3.227488151658768
mk.keyword_id:=,91,3.1069930303749733,2.1739130434782608,7.071624910822947,18.848684210526315
t.kind_id:>|t.production_year:>|mk.keyword_id:=,1,3.102510018983337,3.102510018983337,3.102510018983337,3.102510018983337
t.production_year:>|ci.person_id:=|ci.role_id:=|mk.keyword_id:<,1,3.0408163265306123,3.0408163265306123,3.0408163265306123,3.0408163265306123
t.kind_id:=|t.production_year:>|mk.keyword_id:=,4,2.959327125030887,1.3771929824561404,6.818017049666417,7.770422535211267
t.kind_id:<|t.production_year:=|mi.info_type_id:=|mk.keyword_id:=,1,2.9,2.9,2.9,2.9
t.production_year:<|ci.person_id:<|ci.role_id:=|mk.keyword_id:<,1,2.8957474593458863,2.8957474593458863,2.8957474593458863,2.8957474593458863
ci.person_id:=|ci.role_id:>|mk.keyword_id:>,1,2.888888888888889,2.888888888888889,2.888888888888889,2.888888888888889
mi_idx.info_type_id:>,1,2.8576923076923078,2.8576923076923078,2.8576923076923078,2.8576923076923078
t.kind_id:=|t.production_year:<|mc.company_type_id:>,1,2.842857142857143,2.842857142857143,2.842857142857143,2.842857142857143
t.kind_id:=|t.production_year:<|mc.company_id:>|mc.company_type_id:=,1,2.7983501374885424,2.7983501374885424,2.7983501374885424,2.7983501374885424
mi_idx.info_type_id:>|mk.keyword_id:=,3,2.7280560294632683,3.1538461538461537,3.8759685569904545,3.9562043795620436
ci.person_id:<|ci.role_id:=|mi.info_type_id:=,1,2.7217714656517358,2.7217714656517358,2.7217714656517358,2.7217714656517358
t.kind_id:=|ci.person_id:>|ci.role_id:=|mi.info_type_id:>,1,2.7002543253214886,2.7002543253214886,2.7002543253214886,2.7002543253214886
t.production_year:=|mk.keyword_id:=,4,2.6855555555555557,1.7111111111111112,5.413333333333332,6.0
mc.company_id:=|mc.company_type_id:=|mk.keyword_id:<,1,2.671641791044776,2.671641791044776,2.671641791044776,2.671641791044776
ci.person_id:>|ci.role_id:>|mk.keyword_id:=,2,2.6205717919045046,2.6205717919045046,4.021370257129684,4.177014531043593
t.kind_id:=|mi.info_type_id:=|mk.keyword_id:<,1,2.6178218497454866,2.6178218497454866,2.6178218497454866,2.6178218497454866
t.kind_id:>|t.production_year:<|mi.info_type_id:>,1,2.601337913578015,2.601337913578015,2.601337913578015,2.601337913578015
t.kind_id:=|t.production_year:>|ci.person_id:<|ci.role_id:=,2,2.6009293853876194,2.6009293853876194,3.5052734988955825,3.605756178174245
mc.company_id:<|ci.person_id:=|ci.role_id:<,1,2.6,2.6,2.6,2.6
t.kind_id:=|t.production_year:<|mc.company_type_id:=,1,2.590480132450331,2.590480132450331,2.590480132450331,2.590480132450331
t.kind_id:>|t.production_year:>|mi.info_type_id:=|mi_idx.info_type_id:=,1,2.5551517633208785,2.5551517633208785,2.5551517633208785,2.5551517633208785
t.production_year:=|mc.company_id:>|mc.company_type_id:=|mi_idx.info_type_id:=,1,2.545643153526971,2.545643153526971,2.545643153526971,2.545643153526971
t.kind_id:<|t.production_year:=|mc.company_type_id:<|ci.person_id:>|ci.role_id:=,1,2.533739811714159,2.533739811714159,2.533739811714159,2.533739811714159
t.kind_id:=|t.production_year:=|ci.person_id:<,1,2.522230399887849,2.522230399887849,2.522230399887849,2.522230399887849
t.production_year:=|ci.person_id:=|ci.role_id:<,1,2.5,2.5,2.5,2.5
t.production_year:<|mi.info_type_id:=,11,2.492950682326862,1.118075004023821,8.541861318102391,14.610086563793752
t.kind_id:>|mi.info_type_id:>|mi_idx.info_type_id:>,1,2.4758741630353915,2.4758741630353915,2.4758741630353915,2.4758741630353915
t.kind_id:<|ci.person_id:=,2,2.4545454545454546,2.4545454545454546,2.9454545454545453,3.0
t.kind_id:=|t.production_year:=,17,2.443065157051256,1.5537383177570094,5.0845623342174955,18.0
t.kind_id:>|t.production_year:>|ci.person_id:>|mk.keyword_id:<,1,2.4351221019031764,2.4351221019031764,2.4351221019031764,2.4351221019031764
ci.role_id:>|mi.info_type_id:=,1,2.402312509041311,2.402312509041311,2.402312509041311,2.402312509041311
t.kind_id:>|t.production_year:>|ci.person_id:<|ci.role_id:>|mi.info_type_id:=,1,2.3952467622876044,2.3952467622876044,2.3952467622876044,2.3952467622876044
t.kind_id:<|t.production_year:>|mc.company_id:<,1,2.3786785119378124,2.3786785119378124,2.3786785119378124,2.3786785119378124
t.kind_id:=|ci.person_id:=,1,2.3333333333333335,2.3333333333333335,2.3333333333333335,2.3333333333333335
ci.person_id:=|ci.role_id:>|mi.info_type_id:=,1,2.3333333333333335,2.3333333333333335,2.3333333333333335,2.3333333333333335
mc.company_id:=|mi.info_type_id:=,2,2.314505906044351,2.314505906044351,2.717659260699953,2.762454077883909
t.kind_id:>|t.production_year:>|mc.company_id:=,1,2.296998420221169,2.296998420221169,2.296998420221169,2.296998420221169
t.production_year:=|mi.info_type_id:>|mk.keyword_id:>,1,2.286365766432359,2.286365766432359,2.286365766432359,2.286365766432359
t.kind_id:<|mc.company_id:=|mc.company_type_id:>|ci.person_id:<|ci.role_id:<,1,2.2857142857142856,2.2857142857142856,2.2857142857142856,2.2857142857142856
t.kind_id:>|t.production_year:>|ci.person_id:=|mi.info_type_id:<,1,2.2777777777777777,2.2777777777777777,2.2777777777777777,2.2777777777777777
t.kind_id:=|mc.company_id:=|mc.company_type_id:=,1,2.272727272727273,2.272727272727273,2.272727272727273,2.272727272727273
t.kind_id:>|t.production_year:<|mi.info_type_id:>|mk.keyword_id:=,1,2.2513274336283184,2.2513274336283184,2.2513274336283184,2.2513274336283184
t.production_year:>|ci.person_id:=|mi_idx.info_type_id:=,1,2.25,2.25,2.25,2.25
t.kind_id:>|t.production_year:>|ci.person_id:<|mk.keyword_id:>,1,2.2167265552238535,2.2167265552238535,2.2167265552238535,2.2167265552238535
t.kind_id:>|t.production_year:<|mc.company_id:=,1,2.191780821917808,2.191780821917808,2.191780821917808,2.191780821917808
t.production_year:=|mi.info_type_id:=|mk.keyword_id:>,1,2.187336091059021,2.187336091059021,2.187336091059021,2.187336091059021
mc.company_id:>|mk.keyword_id:=,1,2.168659590666846,2.168659590666846,2.168659590666846,2.168659590666846
t.kind_id:>|t.production_year:<|mk.keyword_id:=,2,2.152106718724581,2.152106718724581,2.989002765576704,3.0819912152269398
t.kind_id:>|mi.info_type_id:=,2,2.129395253927255,2.129395253927255,2.4570709807917868,2.4934793948878458
t.kind_id:<|t.production_year:>|mc.company_id:>|mc.company_type_id:=,1,2.1271944197369037,2.1271944197369037,2.1271944197369037,2.1271944197369037
t.kind_id:=|ci.person_id:>|ci.role_id:=|mi_idx.info_type_id:<,1,2.1191581910062047,2.1191581910062047,2.1191581910062047,2.1191581910062047
t.kind_id:=|t.production_year:<|mi_idx.info_type_id:>,3,2.100313974315004,1.028465081468844,3.9465965081468837,4.270833333333333
t.kind_id:>|t.production_year:<|mc.company_id:>|mc.company_type_id:=|mi_idx.info_type_id:<,1,2.0588235294117645,2.0588235294117645,2.0588235294117645,2.0588235294117645
t.kind_id:>|t.production_year:=|mk.keyword_id:<,1,2.0304077401520386,2.0304077401520386,2.0304077401520386,2.0304077401520386
t.production_year:=|mc.company_id:>|mc.company_type_id:<,1,2.0159115426105716,2.0159115426105716,2.0159115426105716,2.0159115426105716
t.kind_id:<|t.production_year:>|mi_idx.info_type_id:=|mk.keyword_id:=,1,2.013888888888889,2.013888888888889,2.013888888888889,2.013888888888889
t.kind_id:=|t.production_year:<|ci.person_id:>|ci.role_id:<,1,2.0101737038310024,2.0101737038310024,2.0101737038310024,2.0101737038310024
ci.person_id:=|mk.keyword_id:>,1,2.0,2.0,2.0,2.0
mc.company_id:<|mc.company_type_id:=|ci.person_id:>|ci.role_id:<,1,1.9793209168002697,1.9793209168002697,1.9793209168002697,1.9793209168002697
mc.company_id:>|mc.company_type_id:=|mi.info_type_id:=,1,1.9587222155165758,1.9587222155165758,1.9587222155165758,1.9587222155165758
mc.company_id:>|mc.company_type_id:<|mi.info_type_id:<,1,1.9531555621680234,1.9531555621680234,1.9531555621680234,1.9531555621680234
ci.role_id:=|mi_idx.info_type_id:>,1,1.9481132075471699,1.9481132075471699,1.9481132075471699,1.9481132075471699
t.kind_id:<|t.production_year:<|mk.keyword_id:=,2,1.9471665237906066,1.9471665237906066,2.134645981000969,2.1554770318021204
t.production_year:=|ci.person_id:<,2,1.9404465782224212,1.9404465782224212,1.9768667649632437,1.9809134523788905
ci.person_id:<|ci.role_id:<|mi.info_type_id:=,1,1.9288735771862484,1.9288735771862484,1.9288735771862484,1.9288735771862484
t.kind_id:>|t.production_year:=|ci.person_id:=,1,1.9230769230769231,1.9230769230769231,1.9230769230769231,1.9230769230769231
t.kind_id:<|t.production_year:<|ci.person_id:<,2,1.9040943156673573,1.9040943156673573,2.522878793641361,2.5916326245273615
t.production_year:>|ci.person_id:<|ci.role_id:<,2,1.9013763399803476,1.9013763399803476,2.5420806080115095,2.613269971126083
t.kind_id:=|mc.company_id:>|mc.company_type_id:<|ci.role_id:<,1,1.8842128614581446,1.8842128614581446,1.8842128614581446,1.8842128614581446
t.kind_id:=|t.production_year:>|mc.company_id:=,1,1.8768971332209106,1.8768971332209106,1.8768971332209106,1.8768971332209106
t.kind_id:=|t.production_year:=|mi.info_type_id:<,3,1.857799951554392,1.5642085187539734,2.448794094312551,2.5470813804857264
t.kind_id:<|t.production_year:<|ci.person_id:<|ci.role_id:>,2,1.8566835851683146,1.8566835851683146,2.578031994880468,2.658181818181818
t.production_year:=|mc.company_id:>|mc.company_type_id:>,1,1.8508108108108108,1.8508108108108108,1.8508108108108108,1.8508108108108108
t.production_year:=|ci.person_id:<|ci.role_id:<,2,1.8496726566295814,1.8496726566295814,2.549185070330201,2.626908671852492
t.kind_id:=|t.production_year:>|mi.info_type_id:=,4,1.845568247161542,1.59033440253372,2.8600245580439587,3.040150564617315
ci.role_id:>|mk.keyword_id:=,1,1.8421052631578947,1.8421052631578947,1.8421052631578947,1.8421052631578947
t.kind_id:=|t.production_year:=|ci.person_id:<|ci.role_id:<|mi.info_type_id:>,1,1.8243994456089907,1.8243994456089907,1.8243994456089907,1.8243994456089907
t.kind_id:<|t.production_year:=|mi.info_type_id:>,4,1.8242488457458121,1.0514831222878198,3.726650442542653,4.190341936072381
mc.company_id:>|mc.company_type_id:<|mi_idx.info_type_id:>,1,1.810998398291511,1.810998398291511,1.810998398291511,1.810998398291511
t.kind_id:=|t.production_year:>|mc.company_id:>|mc.company_type_id:<,1,1.7987551867219918,1.7987551867219918,1.7987551867219918,1.7987551867219918
t.kind_id:<|t.production_year:>|mc.company_id:=,2,1.790272373540856,1.790272373540856,1.9615175097276265,1.9805447470817121
t.kind_id:<|t.production_year:>|mi.info_type_id:<|mk.keyword_id:<,1,1.7862914758904636,1.7862914758904636,1.7862914758904636,1.7862914758904636
t.kind_id:<|t.production_year:=|mi.info_type_id:=,1,1.7800704579768496,1.7800704579768496,1.7800704579768496,1.7800704579768496
t.kind_id:>|t.production_year:>|mc.company_id:>|mi.info_type_id:>,1,1.7755707211872702,1.7755707211872702,1.7755707211872702,1.7755707211872702
t.kind_id:=|t.production_year:=|mi.info_type_id:<|mi_idx.info_type_id:>,1,1.7747747747747749,1.7747747747747749,1.7747747747747749,1.7747747747747749
t.production_year:<|mi.info_type_id:<|mk.keyword_id:<,1,1.7739689341189073,1.7739689341189073,1.7739689341189073,1.7739689341189073
t.production_year:<|ci.person_id:=|mk.keyword_id:>,1,1.7619047619047619,1.7619047619047619,1.7619047619047619,1.7619047619047619
t.production_year:<|mc.company_type_id:=|mk.keyword_id:=,1,1.75956678700361,1.75956678700361,1.75956678700361,1.75956678700361
t.kind_id:<|t.production_year:=|mi_idx.info_type_id:>,1,1.7513171759747101,1.7513171759747101,1.7513171759747101,1.7513171759747101
ci.person_id:=|mk.keyword_id:<,1,1.75,1.75,1.75,1.75
mc.company_id:<|mk.keyword_id:>,1,1.7421253097345133,1.7421253097345133,1.7421253097345133,1.7421253097345133
t.production_year:<|ci.role_id:=|mi.info_type_id:>,1,1.7367703080811325,1.7367703080811325,1.7367703080811325,1.7367703080811325
t.kind_id:=|t.production_year:>|ci.person_id:<|ci.role_id:>,1,1.7332014113356509,1.7332014113356509,1.7332014113356509,1.7332014113356509
t.production_year:>|ci.person_id:<|ci.role_id:>|mi.info_type_id:<,1,1.724009178553333,1.724009178553333,1.724009178553333,1.724009178553333
t.production_year:=|mc.company_id:>,3,1.7211251533903404,1.4829094462851287,2.3625589347029545,2.4602977667493797
ci.person_id:<|ci.role_id:<|mi_idx.info_type_id:=,1,1.7060956302994397,1.7060956302994397,1.7060956302994397,1.7060956302994397
t.kind_id:=|t.production_year:=|mc.company_type_id:=,1,1.6902887139107612,1.6902887139107612,1.6902887139107612,1.6902887139107612
mc.company_id:=|mi_idx.info_type_id:=,1,1.6901408450704225,1.6901408450704225,1.6901408450704225,1.6901408450704225
t.kind_id:=|t.production_year:=|mc.company_id:>|mc.company_type_id:=|mk.keyword_id:>,1,1.6892703862660945,1.6892703862660945,1.6892703862660945,1.6892703862660945
t.kind_id:<|t.production_year:<|mc.company_id:=|mc.company_type_id:>|ci.role_id:>,1,1.6875,1.6875,1.6875,1.6875
t.kind_id:=|t.production_year:<|mk.keyword_id:>,2,1.6847467670431993,1.6847467670431993,2.282246078832964,2.348634891254049
t.kind_id:=|t.production_year:<|mc.company_id:<|mc.company_type_id:=|mi_idx.info_type_id:=,1,1.682891764222633,1.682891764222633,1.682891764222633,1.682891764222633
t.production_year:>|mc.company_id:>|mc.company_type_id:=|ci.person_id:>|ci.role_id:>,1,1.6826371495515877,1.6826371495515877,1.6826371495515877,1.6826371495515877
t.production_year:=|ci.person_id:>|ci.role_id:=|mi_idx.info_type_id:=,1,1.676005547850208,1.676005547850208,1.676005547850208,1.676005547850208
ci.person_id:>|ci.role_id:<|mk.keyword_id:=,1,1.6724558196221817,1.6724558196221817,1.6724558196221817,1.6724558196221817
t.production_year:<|mc.company_id:<|mc.company_type_id:>|mk.keyword_id:=,1,1.666786392323875,1.666786392323875,1.666786392323875,1.666786392323875
t.kind_id:>|t.production_year:=|mi.info_type_id:<,2,1.6581014789421795,1.6581014789421795,1.9300207169668855,1.9602339656362973
t.kind_id:=|t.production_year:>|ci.person_id:<|ci.role_id:<,1,1.650890701674109,1.650890701674109,1.650890701674109,1.650890701674109
t.production_year:<|ci.person_id:<|ci.role_id:<|mi.info_type_id:<,1,1.6380617566785993,1.6380617566785993,1.6380617566785993,1.6380617566785993
ci.person_id:>|ci.role_id:>|mk.keyword_id:>,1,1.629274953093942,1.629274953093942,1.629274953093942,1.629274953093942
t.production_year:<|ci.person_id:<|ci.role_id:<,3,1.6281296903887366,1.6750573090087693,2.0750582937331514,2.119502847591416
t.production_year:=|mi.info_type_id:=,8,1.6274408158336078,1.4749740899359995,2.7081334944766016,3.181434599156118
t.kind_id:=|t.production_year:>|mi_idx.info_type_id:>,3,1.6208254818541592,1.292704994790224,2.3914059599788575,2.513483844999817
mc.company_id:<|mc.company_type_id:=|mi.info_type_id:=,1,1.6146338982817112,1.6146338982817112,1.6146338982817112,1.6146338982817112
t.kind_id:>|t.production_year:=|mi_idx.info_type_id:<,2,1.6095923945279695,1.6095923945279695,1.7662138877955618,1.7836162759364054
t.kind_id:<|t.production_year:<|mi.info_type_id:=,3,1.6046223039652545,1.2965534385709465,2.231563514263622,2.335453522673919
t.kind_id:=|t.production_year:>|mi.info_type_id:=|mi_idx.info_type_id:=,2,1.6038702617114549,1.6038702617114549,1.6565265806129965,1.6623772827131678
ci.person_id:>|ci.role_id:<|mk.keyword_id:<,2,1.5865534825698457,1.5865534825698457,1.7765933378825356,1.7977088773617234
t.kind_id:=|t.production_year:=|mc.company_id:>,1,1.5844155844155845,1.5844155844155845,1.5844155844155845,1.5844155844155845
t.kind_id:=|mc.company_id:>,1,1.5791223708660382,1.5791223708660382,1.5791223708660382,1.5791223708660382
t.production_year:<|mc.company_type_id:=|mi.info_type_id:>,1,1.5758775951373245,1.5758775951373245,1.5758775951373245,1.5758775951373245
t.kind_id:=|t.production_year:=|mc.company_type_id:=|mi_idx.info_type_id:>,1,1.57516684229013,1.57516684229013,1.57516684229013,1.57516684229013
t.kind_id:>|t.production_year:>|ci.person_id:=,1,1.5714285714285714,1.5714285714285714,1.5714285714285714,1.5714285714285714
t.kind_id:=|t.production_year:<|mi.info_type_id:=,4,1.5652585693502021,1.08007215832605,2.7638706486773366,3.059217073070439
t.kind_id:=|t.production_year:=|mc.company_type_id:<|mi.info_type_id:=,1,1.5630252100840336,1.5630252100840336,1.5630252100840336,1.5630252100840336
mi.info_type_id:<|mk.keyword_id:>,2,1.5563452732147358,1.5563452732147358,1.7572015599698945,1.7795189251649122
ci.person_id:>|ci.role_id:=|mi.info_type_id:=,1,1.5540596521709507,1.5540596521709507,1.5540596521709507,1.5540596521709507
t.kind_id:<|t.production_year:<|mi.info_type_id:>,5,1.5529352252960682,1.3516458440298933,2.4693918880875425,2.713639184018009
t.kind_id:<|t.production_year:>|ci.person_id:>|ci.role_id:<,2,1.5503973607715955,1.5503973607715955,1.6145915777820383,1.6217242685609765
t.kind_id:<|mc.company_id:<|mc.company_type_id:<,1,1.5472261143552581,1.5472261143552581,1.5472261143552581,1.5472261143552581
t.kind_id:=|t.production_year:<|mc.company_id:>,1,1.5471352921707793,1.5471352921707793,1.5471352921707793,1.5471352921707793
t.kind_id:=|ci.person_id:<|ci.role_id:>|mi.info_type_id:>,1,1.54697612851644,1.54697612851644,1.54697612851644,1.54697612851644
t.kind_id:>|t.production_year:=|mc.company_id:<|mk.keyword_id:<,1,1.54615427210809,1.54615427210809,1.54615427210809,1.54615427210809
t.kind_id:=|mi.info_type_id:=,3,1.5378645838062894,1.3811457039669963,1.846348541916765,1.898037746133406
t.kind_id:=|mc.company_id:<,3,1.530321331366592,1.5530460192079316,1.5846118906554718,1.5881192097051986
t.production_year:=|mi_idx.info_type_id:>|mk.keyword_id:=,2,1.5208333333333335,1.5208333333333335,1.6520833333333333,1.6666666666666667
t.kind_id:=|t.production_year:>|mi_idx.info_type_id:=,3,1.5202417565913542,1.264880012088078,2.114527511623238,2.2089327893493667
t.production_year:=|mc.company_type_id:=,1,1.5197232093967081,1.5197232093967081,1.5197232093967081,1.5197232093967081
t.production_year:<|ci.person_id:<|ci.role_id:=,1,1.5115173454903228,1.5115173454903228,1.5115173454903228,1.5115173454903228
t.kind_id:=|t.production_year:>|mi_idx.info_type_id:<,2,1.505612247775665,1.505612247775665,1.7176069981872895,1.7411619704552477
t.production_year:>|ci.person_id:<|ci.role_id:=|mi.info_type_id:>,1,1.502586106804512,1.502586106804512,1.502586106804512,1.502586106804512
t.kind_id:<|t.production_year:=|ci.person_id:<|ci.role_id:=,2,1.5021294914756393,1.5021294914756393,1.6220235618936023,1.635345125273376
t.production_year:>|ci.role_id:<|mi_idx.info_type_id:=,1,1.50099354982762,1.50099354982762,1.50099354982762,1.50099354982762
t.kind_id:=|t.production_year:>|mc.company_id:>,1,1.5008044335938435,1.5008044335938435,1.5008044335938435,1.5008044335938435
t.kind_id:=|t.production_year:<|mc.company_id:<|mc.company_type_id:=|mi.info_type_id:<,1,1.5000772271450555,1.5000772271450555,1.5000772271450555,1.5000772271450555
t.production_year:<|ci.person_id:>|mi_idx.info_type_id:>,1,1.499273959341723,1.499273959341723,1.499273959341723,1.499273959341723
t.production_year:<|mi_idx.info_type_id:=,1,1.498862133653166,1.498862133653166,1.498862133653166,1.498862133653166
t.kind_id:<|mc.company_id:<|mc.company_type_id:=,1,1.4979808853779712,1.4979808853779712,1.4979808853779712,1.4979808853779712
t.production_year:=,12,1.4978627811412746,1.1925873290734443,2.8098572745022876,3.2768866775686303
mc.company_id:<|ci.role_id:>,1,1.494823321391496,1.494823321391496,1.494823321391496,1.494823321391496
t.kind_id:=|t.production_year:>|ci.person_id:>|ci.role_id:<,1,1.4933943687030888,1.4933943687030888,1.4933943687030888,1.4933943687030888
t.kind_id:=|t.production_year:=|mc.company_type_id:<|mi.info_type_id:<,1,1.4890191817370069,1.4890191817370069,1.4890191817370069,1.4890191817370069
t.kind_id:<|mi.info_type_id:=,3,1.483472056147928,1.5442847605842522,1.605527175257367,1.6123318879988242
mc.company_id:<|mi.info_type_id:=,1,1.4825547659030238,1.4825547659030238,1.4825547659030238,1.4825547659030238
t.production_year:>|mi.info_type_id:>,5,1.482023364807029,1.5900079726583207,1.8432347608708872,1.8692052345994254
t.production_year:=|mi.info_type_id:<,7,1.480936647882509,1.4707649914267331,1.908613414004353,2.0288686053916365
t.kind_id:>|t.production_year:>|ci.role_id:=|mi.info_type_id:<,1,1.4805581824945802,1.4805581824945802,1.4805581824945802,1.4805581824945802
t.kind_id:<|t.production_year:>|mi_idx.info_type_id:>|mk.keyword_id:<,1,1.4769384971600321,1.4769384971600321,1.4769384971600321,1.4769384971600321
t.kind_id:=|t.production_year:>|ci.person_id:>|ci.role_id:=,1,1.4768173302398293,1.4768173302398293,1.4768173302398293,1.4768173302398293
t.kind_id:=|t.production_year:<|ci.person_id:>|ci.role_id:<|mi_idx.info_type_id:>,1,1.4623889786094715,1.4623889786094715,1.4623889786094715,1.4623889786094715
ci.role_id:=|mi_idx.info_type_id:=,1,1.4492953497675212,1.4492953497675212,1.4492953497675212,1.4492953497675212
t.kind_id:>|t.production_year:=|mi.info_type_id:=,1,1.4492428010923957,1.4492428010923957,1.4492428010923957,1.4492428010923957
t.production_year:<|mi.info_type_id:=|mi_idx.info_type_id:<,1,1.4470513807899659,1.4470513807899659,1.4470513807899659,1.4470513807899659
mi.info_type_id:=|mi_idx.info_type_id:>,2,1.4378620244261469,1.4378620244261469,1.6809955047681961,1.7080103359173127
t.kind_id:=|t.production_year:<|ci.role_id:<,1,1.4355548681124843,1.4355548681124843,1.4355548681124843,1.4355548681124843
t.production_year:<|mc.company_type_id:=|mi_idx.info_type_id:>,1,1.4305555555555556,1.4305555555555556,1.4305555555555556,1.4305555555555556
t.kind_id:=|mi.info_type_id:>,3,1.42976963285073,1.5124697104196156,1.5340601018743403,1.5364590342581985
t.kind_id:<|t.production_year:>|mi.info_type_id:>,5,1.4284541809497326,1.5146874487043225,1.6570263568591885,1.6666666666666667
t.kind_id:>|t.production_year:>|ci.person_id:<|ci.role_id:>,2,1.4282359206848834,1.4282359206848834,1.4374308288906106,1.4384524853579137
t.kind_id:=|t.production_year:<,25,1.4259498802464574,1.2781457331710757,2.04423483311104,3.3091959220587026
t.kind_id:=|mc.company_id:>|mi_idx.info_type_id:>,1,1.4234835410674336,1.4234835410674336,1.4234835410674336,1.4234835410674336
t.production_year:>|mc.company_id:<|mc.company_type_id:=,3,1.4217365892244398,1.2444051909603842,1.818141306497613,1.8818897637795275
ci.role_id:>|mi.info_type_id:>,1,1.421357674246427,1.421357674246427,1.421357674246427,1.421357674246427
t.kind_id:=|t.production_year:<|mk.keyword_id:<,5,1.4184023793036231,1.3679045092838196,1.8778374938417808,1.9694656488549618
t.kind_id:<|t.production_year:<|mc.company_id:<|mi.info_type_id:>,1,1.4172793085729374,1.4172793085729374,1.4172793085729374,1.4172793085729374
t.kind_id:<|t.production_year:>|ci.person_id:<|mk.keyword_id:>,1,1.4144236084998059,1.4144236084998059,1.4144236084998059,1.4144236084998059
t.kind_id:>|t.production_year:=|ci.person_id:>|mi_idx.info_type_id:>,1,1.4101843881665383,1.4101843881665383,1.4101843881665383,1.4101843881665383
ci.person_id:>|ci.role_id:<|mk.keyword_id:>,1,1.4101680314957161,1.4101680314957161,1.4101680314957161,1.4101680314957161
t.kind_id:<|t.production_year:>|mi.info_type_id:<,2,1.4089259257585924,1.4089259257585924,1.6865616985166587,1.7174101177119994
mc.company_id:<|ci.person_id:<,2,1.4077617901040216,1.4077617901040216,1.6598288452587548,1.687836295831503
t.kind_id:<|t.production_year:>|mi.info_type_id:=,2,1.4040448501361285,1.4040448501361285,1.7250308848008746,1.7606959997636242
t.kind_id:<|t.production_year:<,9,1.4036007700920465,1.24731849511085,2.26699872905938,2.6430220120475143
t.production_year:<|mi.info_type_id:=|mk.keyword_id:>,1,1.3988457793457878,1.3988457793457878,1.3988457793457878,1.3988457793457878
t.production_year:<|mc.company_id:>|mc.company_type_id:=|mk.keyword_id:>,1,1.3970361248963528,1.3970361248963528,1.3970361248963528,1.3970361248963528
t.kind_id:=|ci.person_id:<|ci.role_id:=,2,1.3924598389816292,1.3924598389816292,1.4700060789100393,1.4786223277909738
t.kind_id:<|mc.company_id:>|mk.keyword_id:>,1,1.390461588244337,1.390461588244337,1.390461588244337,1.390461588244337
t.kind_id:<|mi.info_type_id:<|mi_idx.info_type_id:=,1,1.3879011017174194,1.3879011017174194,1.3879011017174194,1.3879011017174194
t.production_year:>|ci.role_id:<|mi.info_type_id:>,1,1.3876795514844626,1.3876795514844626,1.3876795514844626,1.3876795514844626
t.production_year:>|mc.company_type_id:>,2,1.3832966953351018,1.3832966953351018,1.4210497440560999,1.4252445272473218
t.kind_id:>|t.production_year:>|mk.keyword_id:<,1,1.3823473910040434,1.3823473910040434,1.3823473910040434,1.3823473910040434
t.production_year:<|mi.info_type_id:<,5,1.375463253858943,1.1531409641601706,1.8029702786627415,1.8313013220964953
t.kind_id:=|ci.person_id:>|ci.role_id:=,2,1.3749860832822858,1.3749860832822858,1.5679668294999631,1.5894091346352606
mc.company_id:<|mi.info_type_id:>,2,1.371609658948127,1.371609658948127,1.5104377883576448,1.5258631360698134
t.kind_id:<|t.production_year:<|mi.info_type_id:>|mi_idx.info_type_id:=,2,1.3696192295462313,1.3696192295462313,1.6388241868780604,1.6687358488038193
t.kind_id:>|t.production_year:=|ci.person_id:>,2,1.3693633744306677,1.3693633744306677,1.4471316870843496,1.4557726107125364
ci.role_id:=|mi.info_type_id:>,2,1.367416056650972,1.367416056650972,1.6137460912317803,1.6411160950740924
t.kind_id:>|t.production_year:=,9,1.3673591322113259,1.1991743607954546,1.9791398432519287,2.0626470541159145
t.production_year:<|mi.info_type_id:>|mk.keyword_id:<,1,1.3666213451312759,1.3666213451312759,1.3666213451312759,1.3666213451312759
t.production_year:=|mc.company_id:<,3,1.3661748413684227,1.3557844259168437,1.553846188897491,1.5758530514508964
mc.company_type_id:>|ci.role_id:=,1,1.3620580272459704,1.3620580272459704,1.3620580272459704,1.3620580272459704
mc.company_id:<|ci.person_id:<|ci.role_id:>,1,1.3615929678446363,1.3615929678446363,1.3615929678446363,1.3615929678446363
t.kind_id:<|mi_idx.info_type_id:=|mk.keyword_id:>,1,1.3547189116140363,1.3547189116140363,1.3547189116140363,1.3547189116140363
t.kind_id:<|t.production_year:>|ci.role_id:>,1,1.353035651420362,1.353035651420362,1.353035651420362,1.353035651420362
t.kind_id:=|mi_idx.info_type_id:<|mk.keyword_id:<,2,1.3507669217074474,1.3507669217074474,1.3614631449564065,1.362651614206291
t.kind_id:>|mc.company_id:<|ci.role_id:>,1,1.3503029223351453,1.3503029223351453,1.3503029223351453,1.3503029223351453
t.kind_id:=|mi.info_type_id:<,2,1.3469932237393794,1.3469932237393794,1.6106866633263934,1.6399859343916172
t.kind_id:=|t.production_year:=|ci.person_id:>,2,1.3444352582103631,1.3444352582103631,1.6439164285917394,1.6771921141896702
ci.role_id:=|mk.keyword_id:<,2,1.3438231064948254,1.3438231064948254,1.4786804770061128,1.4936646292851448
t.kind_id:=|t.production_year:=|mi_idx.info_type_id:>,5,1.3399482500865287,1.1019258348699037,1.905098337774394,1.9963963963963964
t.kind_id:<|t.production_year:>|ci.person_id:>,4,1.339878684630484,1.258356511120265,1.6925200342822442,1.7526736142290953
t.kind_id:=|t.production_year:=|mi_idx.info_type_id:<,4,1.3370705629891417,1.4020937388812087,1.528239115321868,1.5348837209302326
t.kind_id:=|t.production_year:>,32,1.3358141184799524,1.1883943772773873,2.2547927484780574,3.6666666666666665
t.kind_id:>|t.production_year:>|mi_idx.info_type_id:=,1,1.3354644603234298,1.3354644603234298,1.3354644603234298,1.3354644603234298
t.kind_id:<|t.production_year:=|ci.person_id:<,1,1.3349800106949148,1.3349800106949148,1.3349800106949148,1.3349800106949148
ci.person_id:<|ci.role_id:=,23,1.3346013809506847,1.2241946259985477,2.2483730037984864,2.385279187817259
t.kind_id:=|t.production_year:>|mc.company_id:>|mc.company_type_id:>|mi.info_type_id:<,1,1.3324001690259877,1.3324001690259877,1.3324001690259877,1.3324001690259877
t.kind_id:>|mc.company_id:>|mi_idx.info_type_id:=,1,1.3322383328441445,1.3322383328441445,1.3322383328441445,1.3322383328441445
t.kind_id:=|t.production_year:<|ci.person_id:<|ci.role_id:>,2,1.3293600218411532,1.3293600218411532,1.574898482915085,1.6021805341455218
ci.person_id:>|ci.role_id:<|mi_idx.info_type_id:>,1,1.3290791013603174,1.3290791013603174,1.3290791013603174,1.3290791013603174
t.kind_id:<|t.production_year:=,16,1.3245501698589233,1.2837312011131257,1.814401994896034,2.747227356746765
t.kind_id:=|t.production_year:<|mi.info_type_id:>,4,1.3236794639765366,1.2752598278752298,1.5778252307812433,1.6289218838479331
t.kind_id:=|ci.person_id:>|ci.role_id:<,1,1.322841733846661,1.322841733846661,1.322841733846661,1.322841733846661
t.kind_id:>|t.production_year:>|mi.info_type_id:=,3,1.3203325322644568,1.3754907143825403,1.4814596429199618,1.4932339683130087
t.production_year:>|mc.company_id:=|mc.company_type_id:=,1,1.32,1.32,1.32,1.32
t.kind_id:>|ci.person_id:<,1,1.3180972378414213,1.3180972378414213,1.3180972378414213,1.3180972378414213
mc.company_id:<|mc.company_type_id:<|mi.info_type_id:>,1,1.3159341262301163,1.3159341262301163,1.3159341262301163,1.3159341262301163
t.kind_id:=|mi_idx.info_type_id:=|mk.keyword_id:>,1,1.315833553083795,1.315833553083795,1.315833553083795,1.315833553083795
t.kind_id:=|t.production_year:<|ci.role_id:=,1,1.3130111246524607,1.3130111246524607,1.3130111246524607,1.3130111246524607
mc.company_id:>|ci.person_id:<,2,1.3115853107603814,1.3115853107603814,1.4822450572202095,1.5012072512713015
t.production_year:>|mi.info_type_id:=|mi_idx.info_type_id:<,1,1.3112054193089056,1.3112054193089056,1.3112054193089056,1.3112054193089056
t.kind_id:=|t.production_year:=|mk.keyword_id:<,2,1.3111425409589006,1.3111425409589006,1.533434498868965,1.5581336053034167
t.production_year:>|mc.company_id:>,3,1.310249146777099,1.252726140709775,1.4736724669310106,1.49822205873337
t.kind_id:=|t.production_year:=|mi.info_type_id:=,3,1.3080454769026844,1.4526214526214527,1.462195052610388,1.463258785942492
t.kind_id:<|ci.person_id:<|ci.role_id:>,2,1.307614434906611,1.307614434906611,1.5122284483231918,1.5349633387028119
t.kind_id:<|ci.role_id:>|mi.info_type_id:=,1,1.3071043234665307,1.3071043234665307,1.3071043234665307,1.3071043234665307
ci.person_id:>|mk.keyword_id:<,1,1.3029398947655775,1.3029398947655775,1.3029398947655775,1.3029398947655775
t.kind_id:=|t.production_year:>|mk.keyword_id:<,2,1.2990976943965684,1.2990976943965684,1.4346846788859857,1.44974989938481
t.kind_id:=|t.production_year:>|mi_idx.info_type_id:>|mk.keyword_id:>,1,1.2939854033624398,1.2939854033624398,1.2939854033624398,1.2939854033624398
t.kind_id:=|t.production_year:<|mi.info_type_id:<,5,1.2920963829923173,1.3516400707119058,1.4474331690379758,1.4633733177135755
t.kind_id:>|t.production_year:>|mi_idx.info_type_id:>,3,1.2900855510991407,1.363552609608359,1.4671062498227685,1.4786122098465917
t.production_year:>|mc.company_type_id:=|mk.keyword_id:<,1,1.2893223960982938,1.2893223960982938,1.2893223960982938,1.2893223960982938
t.kind_id:>|t.production_year:=|mi.info_type_id:>|mi_idx.info_type_id:=,1,1.2883663366336633,1.2883663366336633,1.2883663366336633,1.2883663366336633
t.kind_id:<|ci.role_id:=,1,1.2882287580392269,1.2882287580392269,1.2882287580392269,1.2882287580392269
t.kind_id:=|t.production_year:<|mc.company_id:>|mc.company_type_id:=|mi.info_type_id:<,1,1.2871349171035067,1.2871349171035067,1.2871349171035067,1.2871349171035067
t.kind_id:=|mc.company_type_id:<|ci.role_id:>,1,1.2849818715099348,1.2849818715099348,1.2849818715099348,1.2849818715099348
mc.company_id:>|ci.role_id:>,1,1.2761513194982073,1.2761513194982073,1.2761513194982073,1.2761513194982073
t.kind_id:=|t.production_year:<|ci.person_id:<,2,1.2755702064925614,1.2755702064925614,1.2827258383496642,1.283520908556009
t.kind_id:>|t.production_year:<|mc.company_id:>|mc.company_type_id:=,1,1.273872646935359,1.273872646935359,1.273872646935359,1.273872646935359
t.production_year:<|mc.company_type_id:=,1,1.2728183393514667,1.2728183393514667,1.2728183393514667,1.2728183393514667
ci.person_id:>|ci.role_id:=,16,1.2656503318518035,1.2039710902718892,1.7422954503231383,1.7877346180551712
t.kind_id:<|t.production_year:<|mk.keyword_id:<,2,1.2654590664234715,1.2654590664234715,1.334676991037058,1.3423678715496787
t.production_year:>|ci.person_id:<|ci.role_id:<|mi_idx.info_type_id:>,1,1.2644521037761287,1.2644521037761287,1.2644521037761287,1.2644521037761287
t.kind_id:<|t.production_year:<|ci.person_id:>|ci.role_id:<,1,1.2640418083784872,1.2640418083784872,1.2640418083784872,1.2640418083784872
t.kind_id:>|t.production_year:>|mi_idx.info_type_id:<,1,1.2632068837132338,1.2632068837132338,1.2632068837132338,1.2632068837132338
t.kind_id:>|t.production_year:>|ci.person_id:<|ci.role_id:=,2,1.2620768533545048,1.2620768533545048,1.3286978773100142,1.3361002133050708
t.production_year:=|mi.info_type_id:=|mi_idx.info_type_id:=,1,1.2615144418423108,1.2615144418423108,1.2615144418423108,1.2615144418423108
t.production_year:=|ci.role_id:=,1,1.261394418039524,1.261394418039524,1.261394418039524,1.261394418039524
t.kind_id:=|t.production_year:>|ci.role_id:=,2,1.2613811892659883,1.2613811892659883,1.4773865407891533,1.5013871354028383
mc.company_id:<|ci.person_id:>|ci.role_id:=,1,1.2601338450685082,1.2601338450685082,1.2601338450685082,1.2601338450685082
t.production_year:<|mi_idx.info_type_id:<,2,1.2584122649740306,1.2584122649740306,1.2871223424674645,1.290312351077846
t.kind_id:<|mi.info_type_id:>,4,1.254565042320492,1.2289359371755542,1.4198772778284279,1.4377986298698158
t.kind_id:<|mi_idx.info_type_id:<,1,1.2525762110105454,1.2525762110105454,1.2525762110105454,1.2525762110105454
t.kind_id:=|mc.company_id:>|mc.company_type_id:=|mi.info_type_id:>,1,1.2513687641912221,1.2513687641912221,1.2513687641912221,1.2513687641912221
ci.role_id:>|mk.keyword_id:>,1,1.2503559499246943,1.2503559499246943,1.2503559499246943,1.2503559499246943
ci.person_id:>|ci.role_id:>|mi.info_type_id:>,2,1.2501695314659909,1.2501695314659909,1.309123441807141,1.3156738762894908
t.kind_id:<|t.production_year:>|mk.keyword_id:<,3,1.249688055045405,1.1547439195859635,1.5173532754347052,1.5576432038623431
mi.info_type_id:>|mk.keyword_id:>,2,1.2496586565251455,1.2496586565251455,1.3677266658747749,1.3808453335802893
t.production_year:=|ci.role_id:>|mi.info_type_id:>,1,1.245641221040058,1.245641221040058,1.245641221040058,1.245641221040058
t.production_year:<|ci.person_id:>|ci.role_id:<|mi_idx.info_type_id:<,1,1.2456114953447368,1.2456114953447368,1.2456114953447368,1.2456114953447368
t.kind_id:<|t.production_year:>|mi_idx.info_type_id:>,4,1.2452822925872526,1.2598921203741662,1.3923256769387373,1.4076923076923078
t.kind_id:=|mk.keyword_id:<,7,1.245051973781581,1.1989482040087318,1.4513819907564378,1.4653454384410982
t.kind_id:<|mi.info_type_id:<,3,1.2415979030150086,1.2350330404972445,1.3749883529645448,1.3905389432386892
t.production_year:>|mc.company_id:<,3,1.2407630939506948,1.2532761087999345,1.3497261929872548,1.3604428690080683
t.kind_id:=|ci.role_id:=,1,1.2389820708127806,1.2389820708127806,1.2389820708127806,1.2389820708127806
t.kind_id:>|mk.keyword_id:>,2,1.2298671773760619,1.2298671773760619,1.2816032317360777,1.287351682220524
t.production_year:>|mk.keyword_id:<,4,1.2292171217787788,1.1022505634323037,1.5863314370950767,1.6697247706422018
t.kind_id:<|t.production_year:=|mk.keyword_id:<,2,1.2279940683059247,1.2279940683059247,1.337369823128201,1.3495226847751205
t.kind_id:>|t.production_year:<|mk.keyword_id:<,3,1.2274256216327435,1.2664095582282988,1.3187696802838944,1.324587471623405
t.kind_id:=|mc.company_id:>|mc.company_type_id:=,1,1.227029445568321,1.227029445568321,1.227029445568321,1.227029445568321
t.kind_id:=|t.production_year:>|mi.info_type_id:>,8,1.2269790304218247,1.1813217585604587,1.4657856252025288,1.5105983213180625
t.production_year:>|ci.person_id:>,3,1.2257449061335721,1.1762760404028372,1.3998820728856216,1.424727187605931
mi_idx.info_type_id:=|mk.keyword_id:>,1,1.2254384224782187,1.2254384224782187,1.2254384224782187,1.2254384224782187
t.production_year:=|mk.keyword_id:<,10,1.2249057190032426,1.1047441348150864,1.701952302263627,1.8115416945325586
t.kind_id:=|t.production_year:<|mc.company_id:<|mc.company_type_id:=,3,1.2222162740729166,1.1332570240747786,1.4289810901142488,1.46183931967419
t.kind_id:=|t.production_year:<|mc.company_id:>|mc.company_type_id:>|mk.keyword_id:>,1,1.221324673930546,1.221324673930546,1.221324673930546,1.221324673930546
mc.company_id:<|mi_idx.info_type_id:<,1,1.2210705252123066,1.2210705252123066,1.2210705252123066,1.2210705252123066
t.production_year:>|ci.person_id:>|ci.role_id:>,2,1.2210033570219,1.2210033570219,1.357312360909663,1.372457805786081
t.production_year:<|mi_idx.info_type_id:>,5,1.22015302120322,1.2293411707078128,1.4215756295022293,1.4688280821500397
t.kind_id:=|t.production_year:<|mi_idx.info_type_id:=,2,1.2182771138050723,1.2182771138050723,1.3713674988356794,1.388377541616858
t.production_year:>|mc.company_id:<|mc.company_type_id:=|mk.keyword_id:>,1,1.2154987433772741,1.2154987433772741,1.2154987433772741,1.2154987433772741
mi.info_type_id:>|mk.keyword_id:<,1,1.2150045197100003,1.2150045197100003,1.2150045197100003,1.2150045197100003
t.production_year:>|mc.company_id:>|mc.company_type_id:<,1,1.2134180274820565,1.2134180274820565,1.2134180274820565,1.2134180274820565
t.kind_id:>|t.production_year:>|ci.person_id:<|mi_idx.info_type_id:=,1,1.2108682634730539,1.2108682634730539,1.2108682634730539,1.2108682634730539
t.kind_id:=|ci.person_id:>,1,1.2106043513676872,1.2106043513676872,1.2106043513676872,1.2106043513676872
t.kind_id:=|t.production_year:=|mc.company_id:>|mc.company_type_id:=,1,1.2099636519136199,1.2099636519136199,1.2099636519136199,1.2099636519136199
t.kind_id:<|t.production_year:>|mk.keyword_id:>,4,1.2084580640816422,1.1844183731050724,1.376310932955779,1.3976617189525538
t.production_year:<|ci.person_id:<|ci.role_id:>,3,1.208227709866219,1.1812565867776827,1.3439453442002576,1.362021872802766
t.kind_id:>|t.production_year:>|mi.info_type_id:<,2,1.20726433166963,1.20726433166963,1.2756676592223029,1.2832680289503775
t.kind_id:<|t.production_year:>|mc.company_type_id:<,2,1.2064389606493062,1.2064389606493062,1.27210049996995,1.2793962265611325
t.kind_id:=|ci.person_id:<,5,1.2050715629198208,1.1979987859030545,1.4086551468458512,1.4449286729405544
t.production_year:<|mc.company_id:>|mc.company_type_id:=,1,1.2035841598582893,1.2035841598582893,1.2035841598582893,1.2035841598582893
t.production_year:<|mc.company_type_id:>,2,1.2024240032585136,1.2024240032585136,1.2433398923563066,1.2478861022560614
t.production_year:<|mi.info_type_id:>|mi_idx.info_type_id:>,1,1.201465690716961,1.201465690716961,1.201465690716961,1.201465690716961
t.kind_id:<|t.production_year:>|mc.company_id:>,2,1.2011267373879555,1.2011267373879555,1.2045122015082848,1.2048883641883215
t.production_year:<|mc.company_id:>|mi.info_type_id:<,1,1.2007328460859816,1.2007328460859816,1.2007328460859816,1.2007328460859816
t.kind_id:>|t.production_year:<,8,1.1981184451792015,1.101072253523709,1.5489809148041187,1.5500105730598435
t.kind_id:=|mi_idx.info_type_id:=,2,1.197905210572924,1.197905210572924,1.2068560921983327,1.207850634601156
t.kind_id:=|mc.company_id:<|mc.company_type_id:<,2,1.197857952644735,1.197857952644735,1.2371084733438766,1.2414696423104479
t.production_year:>|ci.role_id:>,3,1.1977512566673056,1.1052429154987928,1.3703455031107228,1.399801346178715
t.production_year:>|mi_idx.info_type_id:>,2,1.1968645135093596,1.1968645135093596,1.2609678251950576,1.2680904153823573
ci.person_id:<|ci.role_id:=|mk.keyword_id:>,2,1.1959168945038872,1.1959168945038872,1.3604235252846482,1.3787020398158438
t.kind_id:<|t.production_year:<|mi.info_type_id:<,3,1.1956335225302341,1.2669041150716676,1.3013343631483691,1.3051599462680026
t.kind_id:=|mk.keyword_id:>,8,1.1956040589878159,1.1428588160185764,1.5241880055079582,1.6700300113836282
mc.company_id:<|mc.company_type_id:=|mi.info_type_id:<,1,1.194691394876261,1.194691394876261,1.194691394876261,1.194691394876261
t.kind_id:=|t.production_year:=|ci.person_id:<|ci.role_id:>|mk.keyword_id:>,1,1.1905952976488243,1.1905952976488243,1.1905952976488243,1.1905952976488243
t.kind_id:<|mc.company_id:<,2,1.1898866455944623,1.1898866455944623,1.2149455963294449,1.2177299241888875
t.production_year:<|mi.info_type_id:=|mi_idx.info_type_id:=,1,1.189566585017242,1.189566585017242,1.189566585017242,1.189566585017242
t.kind_id:=|t.production_year:=|mc.company_type_id:=|mi_idx.info_type_id:=,1,1.1892255892255892,1.1892255892255892,1.1892255892255892,1.1892255892255892
t.production_year:<,19,1.1888644310518937,1.135620247775462,1.4373697822045297,2.372304378660923
mi.info_type_id:=|mi_idx.info_type_id:=,1,1.1886896656225887,1.1886896656225887,1.1886896656225887,1.1886896656225887
ci.role_id:=,1,1.1886338254435442,1.1886338254435442,1.1886338254435442,1.1886338254435442
t.kind_id:=|mc.company_id:<|mk.keyword_id:>,1,1.188482307489683,1.188482307489683,1.188482307489683,1.188482307489683
t.kind_id:>|t.production_year:<|mi.info_type_id:<,3,1.1873813563930866,1.1878888347147734,1.3450660715956724,1.3625302090268834
t.kind_id:<|t.production_year:>|mc.company_id:>|ci.role_id:>,1,1.1863683467568444,1.1863683467568444,1.1863683467568444,1.1863683467568444
t.production_year:=|mk.keyword_id:>,6,1.1857186166229061,1.1688860528843033,1.4186455026147555,1.4774392030471726
t.kind_id:>|t.production_year:<|ci.person_id:>|ci.role_id:>,1,1.1857093015612439,1.1857093015612439,1.1857093015612439,1.1857093015612439
t.kind_id:<|t.production_year:<|mi_idx.info_type_id:=|mk.keyword_id:<,1,1.1848194265540766,1.1848194265540766,1.1848194265540766,1.1848194265540766
mi_idx.info_type_id:<|mk.keyword_id:<,1,1.183421895265083,1.183421895265083,1.183421895265083,1.183421895265083
t.production_year:<|mc.company_id:<|mc.company_type_id:>,1,1.1824731307614778,1.1824731307614778,1.1824731307614778,1.1824731307614778
ci.person_id:<|ci.role_id:=|mi_idx.info_type_id:>,1,1.179649053652047,1.179649053652047,1.179649053652047,1.179649053652047
t.kind_id:<|ci.person_id:<,1,1.1790109076105044,1.1790109076105044,1.1790109076105044,1.1790109076105044
ci.person_id:<|ci.role_id:<,6,1.1788075535262097,1.2029423786646727,1.2891582089105322,1.2918188724404163
t.kind_id:<|t.production_year:<|mi_idx.info_type_id:=,4,1.177920371865063,1.2110784226456028,1.272000125950581,1.2757654594961285
t.production_year:=|ci.role_id:>|mi.info_type_id:=,1,1.1768094120109704,1.1768094120109704,1.1768094120109704,1.1768094120109704
t.kind_id:>|t.production_year:=|mi_idx.info_type_id:>,1,1.1764705882352942,1.1764705882352942,1.1764705882352942,1.1764705882352942
mc.company_id:>|mc.company_type_id:>|mi.info_type_id:=,1,1.1747454880074015,1.1747454880074015,1.1747454880074015,1.1747454880074015
t.production_year:<|mc.company_id:>|mc.company_type_id:<,1,1.1745255007160804,1.1745255007160804,1.1745255007160804,1.1745255007160804
t.production_year:=|mi.info_type_id:>,7,1.1743907787908046,1.1203029420332071,1.3866308773710188,1.3916970785665566
t.production_year:=|ci.person_id:>|ci.role_id:>,1,1.1741230479692353,1.1741230479692353,1.1741230479692353,1.1741230479692353
ci.person_id:<|ci.role_id:>,29,1.1732743564200292,1.141896924189399,1.4011025742734051,1.474959272773155
t.kind_id:<|mi_idx.info_type_id:=,1,1.1727315847724118,1.1727315847724118,1.1727315847724118,1.1727315847724118
t.kind_id:>,2,1.1718540335832837,1.1718540335832837,1.2929459207309877,1.3064005748585104
t.kind_id:>|mc.company_type_id:=|mk.keyword_id:>,1,1.1713776052110831,1.1713776052110831,1.1713776052110831,1.1713776052110831
t.kind_id:=|t.production_year:>|mk.keyword_id:>,4,1.1713105615545056,1.151679776041013,1.298161052028806,1.3186649549435898
t.kind_id:=,2,1.1700341729726964,1.1700341729726964,1.1949880830255564,1.1977607396980965
ci.person_id:<|mi_idx.info_type_id:>,1,1.164103481163567,1.164103481163567,1.164103481163567,1.164103481163567
mc.company_id:>|mc.company_type_id:=|mi.info_type_id:<,1,1.1637659596048782,1.1637659596048782,1.1637659596048782,1.1637659596048782
t.production_year:<|ci.role_id:>,2,1.1631510855450975,1.1631510855450975,1.2971760450055436,1.3120677071678155
mc.company_id:>|ci.person_id:>|ci.role_id:=,1,1.1627701081148136,1.1627701081148136,1.1627701081148136,1.1627701081148136
mi.info_type_id:>,5,1.162101092050768,1.0691663087558527,1.3940930964433103,1.4373312979711834
t.kind_id:<|t.production_year:=|mc.company_id:<,2,1.161872352137646,1.161872352137646,1.1809401485581965,1.1830587926049243
t.kind_id:<|ci.person_id:>|ci.role_id:>,1,1.161192837080831,1.161192837080831,1.161192837080831,1.161192837080831
t.kind_id:<|t.production_year:>|mc.company_id:<|mc.company_type_id:<|mi_idx.info_type_id:<,1,1.1587963098359964,1.1587963098359964,1.1587963098359964,1.1587963098359964
t.kind_id:<|t.production_year:=|mc.company_id:>|mc.company_type_id:=,2,1.157979551027002,1.157979551027002,1.268183351753812,1.2804282185012352
t.kind_id:<|mc.company_id:>,4,1.1569179217709153,1.1596562360601714,1.18917546159555,1.1900979061651804
t.kind_id:<|mc.company_type_id:=|mi_idx.info_type_id:=,1,1.1567224017972138,1.1567224017972138,1.1567224017972138,1.1567224017972138
t.production_year:<|ci.person_id:>,3,1.1545287124516628,1.1214699787045153,1.2319855839879017,1.2442650956860557
t.production_year:<|mc.company_id:>,1,1.154148488778839,1.154148488778839,1.154148488778839,1.154148488778839
t.kind_id:<|t.production_year:=|mc.company_id:<|mc.company_type_id:>,1,1.1531194851032909,1.1531194851032909,1.1531194851032909,1.1531194851032909
t.kind_id:<|t.production_year:=|mi_idx.info_type_id:<,3,1.1522509910163146,1.0587324369240065,1.3174899360299899,1.3462407692639882
t.kind_id:=|t.production_year:>|mc.company_type_id:<,2,1.1507997510070387,1.1507997510070387,1.281088520164016,1.2955650500703468
t.kind_id:=|ci.person_id:>|ci.role_id:>,2,1.149061984278507,1.149061984278507,1.2601667415992424,1.2725117146348797
mc.company_type_id:=|ci.person_id:>,1,1.149006119356,1.149006119356,1.149006119356,1.149006119356
t.production_year:=|ci.role_id:>,2,1.14888944060659,1.14888944060659,1.1638167079407589,1.165475293200111
t.kind_id:=|t.production_year:=|ci.person_id:<|ci.role_id:>,1,1.148774380600949,1.148774380600949,1.148774380600949,1.148774380600949
t.kind_id:>|t.production_year:>,9,1.1472007906597024,1.1046209629391242,1.3177434923064657,1.3889353405519218
t.kind_id:=|mi.info_type_id:>|mk.keyword_id:>,1,1.146487140639726,1.146487140639726,1.146487140639726,1.146487140639726
t.kind_id:<|ci.person_id:<|ci.role_id:=,1,1.1444591761908642,1.1444591761908642,1.1444591761908642,1.1444591761908642
ci.person_id:<|ci.role_id:<|mi_idx.info_type_id:<,1,1.1437216325044972,1.1437216325044972,1.1437216325044972,1.1437216325044972
t.kind_id:<|t.production_year:>|mi_idx.info_type_id:=,6,1.1432679343640852,1.1056485215288077,1.3769046481827056,1.4563752358702489
t.production_year:=|mi.info_type_id:>|mi_idx.info_type_id:=,1,1.141772308836748,1.141772308836748,1.141772308836748,1.141772308836748
t.kind_id:<|t.production_year:=|ci.role_id:<,1,1.1388717710901932,1.1388717710901932,1.1388717710901932,1.1388717710901932
mc.company_id:>|mi_idx.info_type_id:<,2,1.1379632095699672,1.1379632095699672,1.173333767302054,1.177263829272286
t.kind_id:<|t.production_year:=|mk.keyword_id:>,1,1.1368636788329969,1.1368636788329969,1.1368636788329969,1.1368636788329969
t.production_year:>|ci.person_id:<,4,1.1357924602423868,1.063703481145559,1.3554482147046898,1.4058756312141225
ci.role_id:=|mk.keyword_id:>,1,1.1352332870943334,1.1352332870943334,1.1352332870943334,1.1352332870943334
t.production_year:<|ci.role_id:>|mk.keyword_id:>,1,1.1345277611761666,1.1345277611761666,1.1345277611761666,1.1345277611761666
mc.company_id:=|mc.company_type_id:=|mi_idx.info_type_id:>,1,1.1344501718213058,1.1344501718213058,1.1344501718213058,1.1344501718213058
t.production_year:<|mk.keyword_id:<,5,1.1338759673394143,1.1149600090120537,1.206172753646529,1.2077624012729016
ci.person_id:<|mi_idx.info_type_id:=,1,1.1334736151041043,1.1334736151041043,1.1334736151041043,1.1334736151041043
t.kind_id:=|t.production_year:=|mi_idx.info_type_id:=,3,1.132308963418886,1.1763435395756574,1.198483558919998,1.2009435610693693
t.production_year:>|mi.info_type_id:<,4,1.1313851897343559,1.1277401145221613,1.1925469604063015,1.1978773888309941
t.kind_id:=|t.production_year:<|mc.company_id:<|mc.company_type_id:>|mi.info_type_id:>,1,1.13113658258459,1.13113658258459,1.13113658258459,1.13113658258459
mi_idx.info_type_id:=|mk.keyword_id:<,1,1.1300781239283093,1.1300781239283093,1.1300781239283093,1.1300781239283093
t.kind_id:<|t.production_year:<|mc.company_type_id:=,2,1.1295927058208561,1.1295927058208561,1.1563645457242098,1.1593391946023601
mi_idx.info_type_id:>|mk.keyword_id:<,2,1.1275983479976,1.1275983479976,1.2324821899936327,1.2441359502154141
t.kind_id:=|mc.company_id:>|mi_idx.info_type_id:<,1,1.126715759986939,1.126715759986939,1.126715759986939,1.126715759986939
t.production_year:>|mk.keyword_id:>,9,1.1261485267419087,1.0737268785993586,1.27683484352372,1.2993747701360794
t.kind_id:>|t.production_year:>|mi.info_type_id:>,4,1.1259469769553907,1.0311892862210563,1.3757022842502045,1.4327685807560728
t.production_year:>|mi_idx.info_type_id:<,4,1.1255076775287078,1.1191473151393327,1.2028344321965958,1.209824755071064
t.production_year:=|ci.role_id:>|mk.keyword_id:=,1,1.125,1.125,1.125,1.125
t.kind_id:=|t.production_year:=|ci.person_id:>|ci.role_id:>,1,1.1245265547965109,1.1245265547965109,1.1245265547965109,1.1245265547965109
mc.company_id:<|mc.company_type_id:=,21,1.1231408786695898,1.1095078836030778,1.263627510549928,1.2780209350440073
mc.company_id:>|mc.company_type_id:>,9,1.1223342361418538,1.1252999550124054,1.1965040970174556,1.2337504388384573
t.kind_id:=|t.production_year:=|mc.company_type_id:<|mk.keyword_id:>,1,1.1214111279783512,1.1214111279783512,1.1214111279783512,1.1214111279783512
mi.info_type_id:<|mk.keyword_id:<,2,1.1208368889475109,1.1208368889475109,1.2238325172348212,1.2352764759334112
t.kind_id:<|t.production_year:>,13,1.1208090456439832,1.0787384006316005,1.2544012881135616,1.2865509658290637
t.kind_id:<|mk.keyword_id:<,5,1.1207045213912885,1.1235243315175567,1.1646669128408909,1.1680970472672652
t.kind_id:<|t.production_year:<|ci.person_id:<|ci.role_id:<|mi_idx.info_type_id:>,1,1.1201596806387226,1.1201596806387226,1.1201596806387226,1.1201596806387226
mc.company_id:>|mc.company_type_id:<,9,1.1196490468143152,1.1387853540890156,1.1780442771184083,1.1817110449682247
t.production_year:>|ci.role_id:=,2,1.119146212225509,1.119146212225509,1.221534342357961,1.2329108012615668
ci.person_id:>|ci.role_id:>,15,1.1190096851169438,1.1245440110176521,1.235552810392267,1.2783162078903905
t.kind_id:>|mi.info_type_id:<|mi_idx.info_type_id:<,1,1.118731786906648,1.118731786906648,1.118731786906648,1.118731786906648
t.kind_id:=|t.production_year:=|mc.company_id:=,1,1.1183970856102003,1.1183970856102003,1.1183970856102003,1.1183970856102003
t.production_year:=|mi_idx.info_type_id:=,1,1.1178909517868936,1.1178909517868936,1.1178909517868936,1.1178909517868936
t.kind_id:=|t.production_year:>|mi.info_type_id:<,1,1.1173314145172373,1.1173314145172373,1.1173314145172373,1.1173314145172373
t.kind_id:=|t.production_year:=|mk.keyword_id:>,2,1.1172399097017482,1.1172399097017482,1.1495763057259456,1.1531692386175232
ci.person_id:<|ci.role_id:>|mi.info_type_id:<,1,1.114525430705735,1.114525430705735,1.114525430705735,1.114525430705735
t.production_year:=|ci.person_id:<|mi_idx.info_type_id:=,1,1.112294288480155,1.112294288480155,1.112294288480155,1.112294288480155
t.production_year:>|mi_idx.info_type_id:=|mk.keyword_id:>,1,1.1121870816628197,1.1121870816628197,1.1121870816628197,1.1121870816628197
mc.company_id:<|ci.role_id:=,1,1.1112908416645273,1.1112908416645273,1.1112908416645273,1.1112908416645273
t.kind_id:=|t.production_year:=|ci.person_id:>|ci.role_id:=,1,1.1099006217781793,1.1099006217781793,1.1099006217781793,1.1099006217781793
t.production_year:>|mi.info_type_id:=,3,1.1074970092812215,1.050774857190308,1.2402627669626716,1.2613169791596008
t.kind_id:=|t.production_year:<|mc.company_id:>|mc.company_type_id:>|mi_idx.info_type_id:=,1,1.1074915418076365,1.1074915418076365,1.1074915418076365,1.1074915418076365
t.production_year:=|ci.role_id:<,1,1.1062250878162665,1.1062250878162665,1.1062250878162665,1.1062250878162665
t.production_year:>|mi.info_type_id:<|mi_idx.info_type_id:>,1,1.1059966793814184,1.1059966793814184,1.1059966793814184,1.1059966793814184
t.production_year:>|mi_idx.info_type_id:=|mk.keyword_id:<,1,1.1043355402924737,1.1043355402924737,1.1043355402924737,1.1043355402924737
mc.company_type_id:>|mi.info_type_id:<,1,1.1012230942392387,1.1012230942392387,1.1012230942392387,1.1012230942392387
t.kind_id:<|t.production_year:<|mi_idx.info_type_id:>,2,1.099694016366099,1.099694016366099,1.1321562111927563,1.1357631217290516
t.kind_id:>|mk.keyword_id:<,3,1.0996577711873223,1.098798570480263,1.1564552866297009,1.162861588424083
t.kind_id:>|ci.person_id:>,3,1.0991896200907407,1.113341487422816,1.1375854013859241,1.1402791696040473
t.production_year:<|ci.role_id:=,2,1.0972295034562123,1.0972295034562123,1.1831711259994204,1.192720195170888
t.kind_id:<|t.production_year:>|ci.person_id:<|ci.role_id:>,1,1.0972277503441175,1.0972277503441175,1.0972277503441175,1.0972277503441175
t.kind_id:<|t.production_year:>|ci.person_id:<,2,1.0967018287281485,1.0967018287281485,1.1348145985068463,1.1390493507044794
t.kind_id:=|t.production_year:<|mi_idx.info_type_id:<,3,1.0964384847460644,1.088517810060487,1.11441632074145,1.1172939330393348
ci.role_id:>|mi_idx.info_type_id:=,1,1.0953532221409275,1.0953532221409275,1.0953532221409275,1.0953532221409275
t.kind_id:=|t.production_year:>|mc.company_type_id:>|mi.info_type_id:<,1,1.0947292478174333,1.0947292478174333,1.0947292478174333,1.0947292478174333
t.kind_id:<|mc.company_id:<|mc.company_type_id:>|mi.info_type_id:=,1,1.0930918163299632,1.0930918163299632,1.0930918163299632,1.0930918163299632
t.production_year:>,16,1.0916896638579106,1.0711532414560976,1.2086000276369675,1.2438996287287158
t.kind_id:<|mc.company_id:=|mc.company_type_id:=,1,1.0909090909090908,1.0909090909090908,1.0909090909090908,1.0909090909090908
t.kind_id:<|t.production_year:=|mi.info_type_id:<|mk.keyword_id:>,1,1.0908267084071344,1.0908267084071344,1.0908267084071344,1.0908267084071344
t.kind_id:<|mi.info_type_id:<|mk.keyword_id:>,1,1.0892792243441831,1.0892792243441831,1.0892792243441831,1.0892792243441831
t.production_year:<|mk.keyword_id:>,7,1.089159474198586,1.0905508903797447,1.1661039895245078,1.1844772661453808
t.kind_id:=|t.production_year:<|ci.person_id:>|mi_idx.info_type_id:<,1,1.0866029675491593,1.0866029675491593,1.0866029675491593,1.0866029675491593
t.production_year:=|ci.person_id:>,1,1.086268561883192,1.086268561883192,1.086268561883192,1.086268561883192
t.kind_id:=|mi.info_type_id:=|mk.keyword_id:=,1,1.0857142857142856,1.0857142857142856,1.0857142857142856,1.0857142857142856
t.production_year:=|mc.company_id:<|mi_idx.info_type_id:=,1,1.0856960885511606,1.0856960885511606,1.0856960885511606,1.0856960885511606
t.kind_id:<|t.production_year:<|mc.company_id:>,3,1.0853212365631404,1.0488611319100174,1.1783918849365038,1.1927841908283356
t.production_year:=|ci.person_id:>|mi.info_type_id:>,1,1.0852021047948492,1.0852021047948492,1.0852021047948492,1.0852021047948492
t.kind_id:=|t.production_year:>|ci.person_id:>|ci.role_id:>,2,1.0837374670436817,1.0837374670436817,1.0890202711794994,1.0896072494168125
ci.role_id:>|mk.keyword_id:<,1,1.0832879436131193,1.0832879436131193,1.0832879436131193,1.0832879436131193
mc.company_id:>|mc.company_type_id:=,18,1.082601716652261,1.0625947607856567,1.184007985056967,1.366682612613615
t.kind_id:=|t.production_year:>|mc.company_type_id:=,2,1.081621806910291,1.081621806910291,1.12353142740152,1.1281880519005454
mc.company_id:<,29,1.0805027646205665,1.052918114210292,1.2981198645343703,1.4574698422517784
t.kind_id:>|t.production_year:<|mk.keyword_id:>,1,1.0802024145790845,1.0802024145790845,1.0802024145790845,1.0802024145790845
ci.person_id:<|mk.keyword_id:>,1,1.0800163919677022,1.0800163919677022,1.0800163919677022,1.0800163919677022
ci.role_id:>,2,1.0785255550231905,1.0785255550231905,1.141381296128302,1.1483652673622033
mc.company_type_id:<|ci.role_id:<,1,1.077351581524587,1.077351581524587,1.077351581524587,1.077351581524587
ci.person_id:>,33,1.0773020482400175,1.0318508330807445,1.2908008889375788,1.7968077220449779
t.kind_id:>|t.production_year:=|mc.company_id:<|mc.company_type_id:>,1,1.0753835693381026,1.0753835693381026,1.0753835693381026,1.0753835693381026
mc.company_id:>,26,1.0748746661179251,1.0661956514775728,1.151939863921416,1.2372505550118498
ci.person_id:>|ci.role_id:<,8,1.0732976733307082,1.086557600404035,1.1091217722414932,1.109875537131065
mc.company_id:<|mc.company_type_id:<,12,1.0731350313925248,1.0546195326389438,1.1998018775321886,1.209420538447206
t.production_year:>|mc.company_type_id:=,2,1.0716392453967343,1.0716392453967343,1.1278903514043694,1.1341404742941066
t.production_year:>|mi.info_type_id:=|mk.keyword_id:<,1,1.0708807530480209,1.0708807530480209,1.0708807530480209,1.0708807530480209
t.kind_id:=|ci.person_id:<|ci.role_id:<|mi.info_type_id:<,1,1.068974093693812,1.068974093693812,1.068974093693812,1.068974093693812
t.production_year:=|mc.company_id:>|mc.company_type_id:=,3,1.068707837305776,1.055130023640662,1.1286404154914793,1.1368082368082368
t.production_year:<|mi.info_type_id:<|mi_idx.info_type_id:<,1,1.0652988821117453,1.0652988821117453,1.0652988821117453,1.0652988821117453
t.production_year:<|mi.info_type_id:>|mi_idx.info_type_id:<,1,1.0644051636947731,1.0644051636947731,1.0644051636947731,1.0644051636947731
t.production_year:=|ci.person_id:<|ci.role_id:>,2,1.0638471676884198,1.0638471676884198,1.1090384849889872,1.114059742466828
ci.person_id:<|mi.info_type_id:>,1,1.0630754020294944,1.0630754020294944,1.0630754020294944,1.0630754020294944
t.kind_id:<|mc.company_id:>|mc.company_type_id:>,1,1.061602280532718,1.061602280532718,1.061602280532718,1.061602280532718
mk.keyword_id:<,101,1.0612725225151995,1.0455396099977754,1.1733629857010854,1.4741294511115484
t.kind_id:<|mk.keyword_id:>,5,1.0611406332249662,1.0475054422847156,1.1265809045806696,1.136212748917506
mc.company_id:<|mc.company_type_id:>,7,1.0599644772718384,1.0530790366898335,1.1239199157748467,1.1293293495086216
t.kind_id:<|t.production_year:=|mc.company_type_id:=,1,1.0597993827160495,1.0597993827160495,1.0597993827160495,1.0597993827160495
t.kind_id:=|ci.role_id:=|mk.keyword_id:<,1,1.0546449582706252,1.0546449582706252,1.0546449582706252,1.0546449582706252
t.production_year:>|mc.company_id:<|mc.company_type_id:<|mi.info_type_id:<,1,1.0516433289087523,1.0516433289087523,1.0516433289087523,1.0516433289087523
t.production_year:<|ci.person_id:<|mk.keyword_id:<,1,1.0510779885067194,1.0510779885067194,1.0510779885067194,1.0510779885067194
t.kind_id:<|ci.person_id:>|ci.role_id:<,2,1.0501635822722557,1.0501635822722557,1.0585864764930448,1.059522353628688
t.kind_id:>|mi.info_type_id:>,2,1.050153583494654,1.050153583494654,1.0782389417338938,1.0813595370938094
mk.keyword_id:>,82,1.0481427265322831,1.038625821131433,1.1171764084447362,1.1693799528413358
t.kind_id:=|mi_idx.info_type_id:>,1,1.0475312180653522,1.0475312180653522,1.0475312180653522,1.0475312180653522
ci.role_id:<|mi.info_type_id:>,1,1.0474507275264797,1.0474507275264797,1.0474507275264797,1.0474507275264797
t.kind_id:<|ci.role_id:>|mk.keyword_id:<,1,1.0474016932810106,1.0474016932810106,1.0474016932810106,1.0474016932810106
mc.company_type_id:=,1,1.0472633182084123,1.0472633182084123,1.0472633182084123,1.0472633182084123
mi.info_type_id:<|mi_idx.info_type_id:>,1,1.0456852791878173,1.0456852791878173,1.0456852791878173,1.0456852791878173
t.production_year:<|mi.info_type_id:>|mi_idx.info_type_id:=,2,1.0447322768293392,1.0447322768293392,1.0494333499385131,1.049955691395088
mc.company_type_id:<|ci.role_id:>,1,1.0447142562469403,1.0447142562469403,1.0447142562469403,1.0447142562469403
t.production_year:>|mi_idx.info_type_id:=,1,1.0439337711972227,1.0439337711972227,1.0439337711972227,1.0439337711972227
t.production_year:=|ci.person_id:<|mi_idx.info_type_id:>,1,1.0436736171702963,1.0436736171702963,1.0436736171702963,1.0436736171702963
t.production_year:=|ci.person_id:<|ci.role_id:=,1,1.0435326186933445,1.0435326186933445,1.0435326186933445,1.0435326186933445
t.kind_id:<|t.production_year:<|ci.role_id:>,3,1.0423195149990045,1.0475905721566052,1.0670847575291944,1.0692507781261489
ci.person_id:<,35,1.0418320185019863,1.0345205576008414,1.0996449400183583,1.149170594255845
t.kind_id:=|t.production_year:>|ci.person_id:>|ci.role_id:=|mk.keyword_id:>,1,1.0417222339037435,1.0417222339037435,1.0417222339037435,1.0417222339037435
t.kind_id:<|t.production_year:>|ci.role_id:<,1,1.0412134145517902,1.0412134145517902,1.0412134145517902,1.0412134145517902
t.kind_id:<|t.production_year:<|mc.company_id:>|mc.company_type_id:<,2,1.0399399886224616,1.0399399886224616,1.0451421410667487,1.0457201580050028
t.production_year:<|ci.role_id:<,2,1.0397417315763806,1.0397417315763806,1.053874702983623,1.0554450331399834
mi_idx.info_type_id:>|mk.keyword_id:>,2,1.0390811392497792,1.0390811392497792,1.074072698676746,1.0779606497241867
mi.info_type_id:<,3,1.0378577221126137,1.0485157477507638,1.0589040402696193,1.0600582949939366
t.kind_id:=|t.production_year:=|ci.person_id:<|ci.role_id:<,1,1.0371054022565442,1.0371054022565442,1.0371054022565442,1.0371054022565442
t.kind_id:<|mi_idx.info_type_id:>,1,1.035806152493049,1.035806152493049,1.035806152493049,1.035806152493049
t.production_year:=|mc.company_type_id:>|mi_idx.info_type_id:>,1,1.0340642589118199,1.0340642589118199,1.0340642589118199,1.0340642589118199
t.kind_id:>|mc.company_type_id:=|mi_idx.info_type_id:>,1,1.0336597872249762,1.0336597872249762,1.0336597872249762,1.0336597872249762
t.kind_id:=|t.production_year:=|mi.info_type_id:<|mi_idx.info_type_id:<,1,1.0312392722279438,1.0312392722279438,1.0312392722279438,1.0312392722279438
t.production_year:<|ci.person_id:<,1,1.0299031623099502,1.0299031623099502,1.0299031623099502,1.0299031623099502
ci.person_id:>|ci.role_id:<|mi.info_type_id:>,1,1.029277207757807,1.029277207757807,1.029277207757807,1.029277207757807
t.kind_id:<|t.production_year:<|ci.person_id:>|mi_idx.info_type_id:=,1,1.0287178120836924,1.0287178120836924,1.0287178120836924,1.0287178120836924
t.kind_id:=|ci.person_id:<|ci.role_id:<,3,1.0276898071747054,1.0305085797651854,1.0369322230453524,1.0376459611875932
t.kind_id:<|t.production_year:=|ci.person_id:>|ci.role_id:>,1,1.0273319725390422,1.0273319725390422,1.0273319725390422,1.0273319725390422
t.kind_id:=|ci.person_id:<|ci.role_id:=|mk.keyword_id:<,1,1.0268733681278686,1.0268733681278686,1.0268733681278686,1.0268733681278686
t.kind_id:<|mc.company_id:<|mc.company_type_id:>,2,1.0268373328534617,1.0268373328534617,1.038598511865054,1.0399053095330086
mi.info_type_id:<|mi_idx.info_type_id:=,1,1.0262313768775235,1.0262313768775235,1.0262313768775235,1.0262313768775235
t.production_year:<|mi.info_type_id:>,2,1.0259946621576077,1.0259946621576077,1.0369228737437906,1.0381371194755886
t.kind_id:=|t.production_year:=|ci.role_id:=,1,1.0258595734400133,1.0258595734400133,1.0258595734400133,1.0258595734400133
t.kind_id:=|t.production_year:=|mi.info_type_id:>,1,1.025829248264364,1.025829248264364,1.025829248264364,1.025829248264364
t.kind_id:<|t.production_year:>|mc.company_type_id:=|ci.person_id:>|ci.role_id:=,1,1.0245228298631415,1.0245228298631415,1.0245228298631415,1.0245228298631415
t.kind_id:>|mc.company_id:>|ci.role_id:<,1,1.0240069466395783,1.0240069466395783,1.0240069466395783,1.0240069466395783
t.kind_id:>|t.production_year:<|ci.person_id:>,1,1.019707096021815,1.019707096021815,1.019707096021815,1.019707096021815
t.kind_id:>|t.production_year:>|mi_idx.info_type_id:=|mk.keyword_id:>,1,1.019001781226362,1.019001781226362,1.019001781226362,1.019001781226362
t.kind_id:=|ci.person_id:<|ci.role_id:>,1,1.0167364206254303,1.0167364206254303,1.0167364206254303,1.0167364206254303
mc.company_id:>|mc.company_type_id:=|mi_idx.info_type_id:<,1,1.014349985825044,1.014349985825044,1.014349985825044,1.014349985825044
t.kind_id:>|t.production_year:=|mi_idx.info_type_id:=,1,1.0138743455497383,1.0138743455497383,1.0138743455497383,1.0138743455497383
mi_idx.info_type_id:<|mk.keyword_id:>,1,1.0136449510219288,1.0136449510219288,1.0136449510219288,1.0136449510219288
mc.company_type_id:=|ci.person_id:<,1,1.0135291461574252,1.0135291461574252,1.0135291461574252,1.0135291461574252
t.kind_id:=|mc.company_type_id:<|ci.person_id:<|ci.role_id:=,1,1.012204513023508,1.012204513023508,1.012204513023508,1.012204513023508
t.kind_id:<|t.production_year:>|mi_idx.info_type_id:<,3,1.0100438947122323,1.0109661252312132,1.0117466349943465,1.0118333583013612
t.kind_id:>|t.production_year:<|mi_idx.info_type_id:=,1,1.0098660233938426,1.0098660233938426,1.0098660233938426,1.0098660233938426
mc.company_id:<|mc.company_type_id:<|mi.info_type_id:<,1,1.009797572822315,1.009797572822315,1.009797572822315,1.009797572822315
t.kind_id:>|t.production_year:<|mc.company_type_id:=,1,1.0092894235402121,1.0092894235402121,1.0092894235402121,1.0092894235402121
t.production_year:=|ci.person_id:>|ci.role_id:=,1,1.0088506764445568,1.0088506764445568,1.0088506764445568,1.0088506764445568
t.kind_id:<|t.production_year:<|mk.keyword_id:>,2,1.0080009358346604,1.0080009358346604,1.0132093206665809,1.0137880300923499
t.kind_id:=|t.production_year:>|ci.person_id:<,1,1.00739873944904,1.00739873944904,1.00739873944904,1.00739873944904
t.production_year:=|mc.company_id:<|mc.company_type_id:=|ci.person_id:<|ci.role_id:=,1,1.0051868317984545,1.0051868317984545,1.0051868317984545,1.0051868317984545
mi_idx.info_type_id:<,1,1.0044442028591618,1.0044442028591618,1.0044442028591618,1.0044442028591618
t.kind_id:<|t.production_year:>|ci.person_id:<|ci.role_id:=,1,1.0041886803467701,1.0041886803467701,1.0041886803467701,1.0041886803467701
t.kind_id:=|mi.info_type_id:=|mk.keyword_id:>,1,1.0020181447880023,1.0020181447880023,1.0020181447880023,1.0020181447880023
t.kind_id:<|ci.person_id:<|ci.role_id:=|mi.info_type_id:<,1,1.0016622372762654,1.0016622372762654,1.0016622372762654,1.0016622372762654
