trial_id,selected_candidate,mean_q_error,median_q_error,p90_q_error,p95_q_error,max_q_error,public_rows,main_eta,main_max_depth,main_min_child_weight,main_subsample,main_colsample_bytree,main_lambda,main_alpha,main_num_boost_round,low_eta,low_max_depth,low_min_child_weight,low_subsample,low_colsample_bytree,low_lambda,low_alpha,low_num_boost_round,residual_eta,residual_max_depth,residual_min_child_weight,residual_subsample,residual_colsample_bytree,residual_lambda,residual_alpha,residual_num_boost_round,blend_low_expert_weight_percent,main_tuned_best_iteration,selected_main_config,selected_blend_low_expert_weight,selected_blend_other_weight
80,blend_low_020,2.5834839599059123,1.1347819685409188,3.297499739556209,6.8298468137255,1054.504,5000,0.03,7,1.5,0.92,0.92,1.2,0.02,3200,0.04,4,1.0,0.95,0.95,1.0,0.02,1200,0.03,4,2.0,0.9,0.9,3.0,0.1,700,20,3199.0,main_tuned,0.2,0.8
58,blend_low_020,2.584061385190985,1.135185266958432,3.255272727272734,6.821009339080461,1054.508,5000,0.03,7,1.5,0.92,0.92,1.2,0.02,3200,0.035,4,1.0,0.95,0.95,1.0,0.02,1200,0.03,4,2.0,0.9,0.9,3.0,0.1,700,20,3199.0,main_tuned,0.2,0.8
79,blend_low_010,2.5850698835404176,1.1349459929374517,3.2459809054511872,6.724534220532324,1034.988,5000,0.03,7,1.5,0.92,0.92,1.2,0.02,3200,0.04,4,1.0,0.95,0.95,1.0,0.02,1200,0.03,4,2.0,0.9,0.9,3.0,0.1,700,10,3199.0,main_tuned,0.1,0.9
57,blend_low_010,2.5853434147976384,1.13495961902031,3.25,6.733419823559943,1034.992,5000,0.03,7,1.5,0.92,0.92,1.2,0.02,3200,0.035,4,1.0,0.95,0.95,1.0,0.02,1200,0.03,4,2.0,0.9,0.9,3.0,0.1,700,10,3199.0,main_tuned,0.1,0.9
81,blend_low_030,2.594587796616913,1.1360692976511824,3.39202385641834,7.000106837606838,1074.388,5000,0.03,7,1.5,0.92,0.92,1.2,0.02,3200,0.04,4,1.0,0.95,0.95,1.0,0.02,1200,0.03,4,2.0,0.9,0.9,3.0,0.1,700,30,3199.0,main_tuned,0.3,0.7
56,residual,2.5947989807412832,1.1335176205120394,3.289892528122933,6.6042932604735896,1015.836,5000,0.03,7,1.5,0.92,0.92,1.2,0.02,3200,0.035,4,1.0,0.95,0.95,1.0,0.02,1200,0.03,4,2.0,0.9,0.9,3.0,0.1,700,0,3199.0,main_tuned,,
59,residual,2.5947989807412832,1.1335176205120394,3.289892528122933,6.6042932604735896,1015.836,5000,0.03,7,1.5,0.92,0.92,1.2,0.02,3200,0.035,4,1.0,0.95,0.95,1.0,0.02,1200,0.03,4,2.0,0.9,0.9,3.0,0.1,700,30,3199.0,main_tuned,,
60,residual,2.5947989807412832,1.1335176205120394,3.289892528122933,6.6042932604735896,1015.836,5000,0.03,7,1.5,0.92,0.92,1.2,0.02,3200,0.035,4,1.0,0.95,0.95,1.0,0.02,1200,0.03,4,2.0,0.9,0.9,3.0,0.1,700,40,3199.0,main_tuned,,
61,residual,2.5947989807412832,1.1335176205120394,3.289892528122933,6.6042932604735896,1015.836,5000,0.03,7,1.5,0.92,0.92,1.2,0.02,3200,0.035,4,1.0,0.95,0.95,1.0,0.02,1200,0.03,4,2.0,0.9,0.9,3.0,0.1,700,50,3199.0,main_tuned,,
62,residual,2.5947989807412832,1.1335176205120394,3.289892528122933,6.6042932604735896,1015.836,5000,0.03,7,1.5,0.92,0.92,1.2,0.02,3200,0.035,4,1.0,0.95,0.95,1.0,0.02,1200,0.03,4,2.0,0.9,0.9,3.0,0.1,700,60,3199.0,main_tuned,,
63,residual,2.5947989807412832,1.1335176205120394,3.289892528122933,6.6042932604735896,1015.836,5000,0.03,7,1.5,0.92,0.92,1.2,0.02,3200,0.035,4,1.0,0.95,0.95,1.0,0.02,1200,0.03,4,2.0,0.9,0.9,3.0,0.1,700,70,3199.0,main_tuned,,
64,residual,2.5947989807412832,1.1335176205120394,3.289892528122933,6.6042932604735896,1015.836,5000,0.03,7,1.5,0.92,0.92,1.2,0.02,3200,0.035,4,1.0,0.95,0.95,1.0,0.02,1200,0.03,4,2.0,0.9,0.9,3.0,0.1,700,80,3199.0,main_tuned,,
65,residual,2.5947989807412832,1.1335176205120394,3.289892528122933,6.6042932604735896,1015.836,5000,0.03,7,1.5,0.92,0.92,1.2,0.02,3200,0.035,4,1.0,0.95,0.95,1.0,0.02,1200,0.03,4,2.0,0.9,0.9,3.0,0.1,700,90,3199.0,main_tuned,,
66,residual,2.5947989807412832,1.1335176205120394,3.289892528122933,6.6042932604735896,1015.836,5000,0.03,7,1.5,0.92,0.92,1.2,0.02,3200,0.035,4,1.0,0.95,0.95,1.0,0.02,1200,0.03,4,2.0,0.9,0.9,3.0,0.1,700,100,3199.0,main_tuned,,
78,residual,2.5947989807412832,1.1335176205120394,3.289892528122933,6.6042932604735896,1015.836,5000,0.03,7,1.5,0.92,0.92,1.2,0.02,3200,0.04,4,1.0,0.95,0.95,1.0,0.02,1200,0.03,4,2.0,0.9,0.9,3.0,0.1,700,0,3199.0,main_tuned,,
82,residual,2.5947989807412832,1.1335176205120394,3.289892528122933,6.6042932604735896,1015.836,5000,0.03,7,1.5,0.92,0.92,1.2,0.02,3200,0.04,4,1.0,0.95,0.95,1.0,0.02,1200,0.03,4,2.0,0.9,0.9,3.0,0.1,700,40,3199.0,main_tuned,,
83,residual,2.5947989807412832,1.1335176205120394,3.289892528122933,6.6042932604735896,1015.836,5000,0.03,7,1.5,0.92,0.92,1.2,0.02,3200,0.04,4,1.0,0.95,0.95,1.0,0.02,1200,0.03,4,2.0,0.9,0.9,3.0,0.1,700,50,3199.0,main_tuned,,
84,residual,2.5947989807412832,1.1335176205120394,3.289892528122933,6.6042932604735896,1015.836,5000,0.03,7,1.5,0.92,0.92,1.2,0.02,3200,0.04,4,1.0,0.95,0.95,1.0,0.02,1200,0.03,4,2.0,0.9,0.9,3.0,0.1,700,60,3199.0,main_tuned,,
85,residual,2.5947989807412832,1.1335176205120394,3.289892528122933,6.6042932604735896,1015.836,5000,0.03,7,1.5,0.92,0.92,1.2,0.02,3200,0.04,4,1.0,0.95,0.95,1.0,0.02,1200,0.03,4,2.0,0.9,0.9,3.0,0.1,700,70,3199.0,main_tuned,,
86,residual,2.5947989807412832,1.1335176205120394,3.289892528122933,6.6042932604735896,1015.836,5000,0.03,7,1.5,0.92,0.92,1.2,0.02,3200,0.04,4,1.0,0.95,0.95,1.0,0.02,1200,0.03,4,2.0,0.9,0.9,3.0,0.1,700,80,3199.0,main_tuned,,
87,residual,2.5947989807412832,1.1335176205120394,3.289892528122933,6.6042932604735896,1015.836,5000,0.03,7,1.5,0.92,0.92,1.2,0.02,3200,0.04,4,1.0,0.95,0.95,1.0,0.02,1200,0.03,4,2.0,0.9,0.9,3.0,0.1,700,90,3199.0,main_tuned,,
88,residual,2.5947989807412832,1.1335176205120394,3.289892528122933,6.6042932604735896,1015.836,5000,0.03,7,1.5,0.92,0.92,1.2,0.02,3200,0.04,4,1.0,0.95,0.95,1.0,0.02,1200,0.03,4,2.0,0.9,0.9,3.0,0.1,700,100,3199.0,main_tuned,,
47,blend_low_020,2.595064715965124,1.1350143550561185,3.319627184142122,6.878308823529424,1052.212,5000,0.03,7,1.5,0.92,0.92,1.2,0.02,3200,0.035,4,1.0,0.95,0.95,1.0,0.02,1200,0.025,4,2.0,0.9,0.9,3.0,0.1,700,20,3199.0,main_tuned,0.2,0.8
69,blend_low_020,2.59534050799683,1.1349748950269216,3.3668421052631587,6.918129182645319,1052.212,5000,0.03,7,1.5,0.92,0.92,1.2,0.02,3200,0.04,4,1.0,0.95,0.95,1.0,0.02,1200,0.025,4,2.0,0.9,0.9,3.0,0.1,700,20,3199.0,main_tuned,0.2,0.8
46,blend_low_010,2.597721365268596,1.1344094676079497,3.287012145748991,6.6861728599867405,1032.456,5000,0.03,7,1.5,0.92,0.92,1.2,0.02,3200,0.035,4,1.0,0.95,0.95,1.0,0.02,1200,0.025,4,2.0,0.9,0.9,3.0,0.1,700,10,3199.0,main_tuned,0.1,0.9
68,blend_low_010,2.597839878228622,1.134277967971925,3.2857142857142856,6.6861728599867405,1032.456,5000,0.03,7,1.5,0.92,0.92,1.2,0.02,3200,0.04,4,1.0,0.95,0.95,1.0,0.02,1200,0.025,4,2.0,0.9,0.9,3.0,0.1,700,10,3199.0,main_tuned,0.1,0.9
48,blend_low_030,2.600831673867656,1.1360640048642372,3.3939052977027715,7.055109884961309,1072.348,5000,0.03,7,1.5,0.92,0.92,1.2,0.02,3200,0.035,4,1.0,0.95,0.95,1.0,0.02,1200,0.025,4,2.0,0.9,0.9,3.0,0.1,700,30,3199.0,main_tuned,0.3,0.7
70,blend_low_030,2.6018002992161424,1.1357667073226203,3.4099268617021297,7.0651280403548204,1072.344,5000,0.03,7,1.5,0.92,0.92,1.2,0.02,3200,0.04,4,1.0,0.95,0.95,1.0,0.02,1200,0.025,4,2.0,0.9,0.9,3.0,0.1,700,30,3199.0,main_tuned,0.3,0.7
45,residual,2.6054741662169776,1.1343972697414708,3.26182705538356,6.669918699187004,1013.072,5000,0.03,7,1.5,0.92,0.92,1.2,0.02,3200,0.035,4,1.0,0.95,0.95,1.0,0.02,1200,0.025,4,2.0,0.9,0.9,3.0,0.1,700,0,3199.0,main_tuned,,
49,residual,2.6054741662169776,1.1343972697414708,3.26182705538356,6.669918699187004,1013.072,5000,0.03,7,1.5,0.92,0.92,1.2,0.02,3200,0.035,4,1.0,0.95,0.95,1.0,0.02,1200,0.025,4,2.0,0.9,0.9,3.0,0.1,700,40,3199.0,main_tuned,,
50,residual,2.6054741662169776,1.1343972697414708,3.26182705538356,6.669918699187004,1013.072,5000,0.03,7,1.5,0.92,0.92,1.2,0.02,3200,0.035,4,1.0,0.95,0.95,1.0,0.02,1200,0.025,4,2.0,0.9,0.9,3.0,0.1,700,50,3199.0,main_tuned,,
51,residual,2.6054741662169776,1.1343972697414708,3.26182705538356,6.669918699187004,1013.072,5000,0.03,7,1.5,0.92,0.92,1.2,0.02,3200,0.035,4,1.0,0.95,0.95,1.0,0.02,1200,0.025,4,2.0,0.9,0.9,3.0,0.1,700,60,3199.0,main_tuned,,
52,residual,2.6054741662169776,1.1343972697414708,3.26182705538356,6.669918699187004,1013.072,5000,0.03,7,1.5,0.92,0.92,1.2,0.02,3200,0.035,4,1.0,0.95,0.95,1.0,0.02,1200,0.025,4,2.0,0.9,0.9,3.0,0.1,700,70,3199.0,main_tuned,,
53,residual,2.6054741662169776,1.1343972697414708,3.26182705538356,6.669918699187004,1013.072,5000,0.03,7,1.5,0.92,0.92,1.2,0.02,3200,0.035,4,1.0,0.95,0.95,1.0,0.02,1200,0.025,4,2.0,0.9,0.9,3.0,0.1,700,80,3199.0,main_tuned,,
54,residual,2.6054741662169776,1.1343972697414708,3.26182705538356,6.669918699187004,1013.072,5000,0.03,7,1.5,0.92,0.92,1.2,0.02,3200,0.035,4,1.0,0.95,0.95,1.0,0.02,1200,0.025,4,2.0,0.9,0.9,3.0,0.1,700,90,3199.0,main_tuned,,
55,residual,2.6054741662169776,1.1343972697414708,3.26182705538356,6.669918699187004,1013.072,5000,0.03,7,1.5,0.92,0.92,1.2,0.02,3200,0.035,4,1.0,0.95,0.95,1.0,0.02,1200,0.025,4,2.0,0.9,0.9,3.0,0.1,700,100,3199.0,main_tuned,,
67,residual,2.6054741662169776,1.1343972697414708,3.26182705538356,6.669918699187004,1013.072,5000,0.03,7,1.5,0.92,0.92,1.2,0.02,3200,0.04,4,1.0,0.95,0.95,1.0,0.02,1200,0.025,4,2.0,0.9,0.9,3.0,0.1,700,0,3199.0,main_tuned,,
71,residual,2.6054741662169776,1.1343972697414708,3.26182705538356,6.669918699187004,1013.072,5000,0.03,7,1.5,0.92,0.92,1.2,0.02,3200,0.04,4,1.0,0.95,0.95,1.0,0.02,1200,0.025,4,2.0,0.9,0.9,3.0,0.1,700,40,3199.0,main_tuned,,
72,residual,2.6054741662169776,1.1343972697414708,3.26182705538356,6.669918699187004,1013.072,5000,0.03,7,1.5,0.92,0.92,1.2,0.02,3200,0.04,4,1.0,0.95,0.95,1.0,0.02,1200,0.025,4,2.0,0.9,0.9,3.0,0.1,700,50,3199.0,main_tuned,,
73,residual,2.6054741662169776,1.1343972697414708,3.26182705538356,6.669918699187004,1013.072,5000,0.03,7,1.5,0.92,0.92,1.2,0.02,3200,0.04,4,1.0,0.95,0.95,1.0,0.02,1200,0.025,4,2.0,0.9,0.9,3.0,0.1,700,60,3199.0,main_tuned,,
74,residual,2.6054741662169776,1.1343972697414708,3.26182705538356,6.669918699187004,1013.072,5000,0.03,7,1.5,0.92,0.92,1.2,0.02,3200,0.04,4,1.0,0.95,0.95,1.0,0.02,1200,0.025,4,2.0,0.9,0.9,3.0,0.1,700,70,3199.0,main_tuned,,
75,residual,2.6054741662169776,1.1343972697414708,3.26182705538356,6.669918699187004,1013.072,5000,0.03,7,1.5,0.92,0.92,1.2,0.02,3200,0.04,4,1.0,0.95,0.95,1.0,0.02,1200,0.025,4,2.0,0.9,0.9,3.0,0.1,700,80,3199.0,main_tuned,,
76,residual,2.6054741662169776,1.1343972697414708,3.26182705538356,6.669918699187004,1013.072,5000,0.03,7,1.5,0.92,0.92,1.2,0.02,3200,0.04,4,1.0,0.95,0.95,1.0,0.02,1200,0.025,4,2.0,0.9,0.9,3.0,0.1,700,90,3199.0,main_tuned,,
77,residual,2.6054741662169776,1.1343972697414708,3.26182705538356,6.669918699187004,1013.072,5000,0.03,7,1.5,0.92,0.92,1.2,0.02,3200,0.04,4,1.0,0.95,0.95,1.0,0.02,1200,0.025,4,2.0,0.9,0.9,3.0,0.1,700,100,3199.0,main_tuned,,
124,blend_low_020,2.6297319694370542,1.142499414368209,3.274464524765731,6.430209155485405,1179.688,5000,0.035,6,1.5,0.92,0.92,1.2,0.02,3200,0.04,4,1.0,0.95,0.95,1.0,0.02,1200,0.03,4,2.0,0.9,0.9,3.0,0.1,700,20,3199.0,main_tuned,0.2,0.8
102,blend_low_020,2.6304363003371094,1.1423983123626118,3.289068039685901,6.461336591585211,1179.688,5000,0.035,6,1.5,0.92,0.92,1.2,0.02,3200,0.035,4,1.0,0.95,0.95,1.0,0.02,1200,0.03,4,2.0,0.9,0.9,3.0,0.1,700,20,3199.0,main_tuned,0.2,0.8
101,blend_low_010,2.6306871271794727,1.14158487662037,3.224002077352532,6.401065459610032,1142.328,5000,0.035,6,1.5,0.92,0.92,1.2,0.02,3200,0.035,4,1.0,0.95,0.95,1.0,0.02,1200,0.03,4,2.0,0.9,0.9,3.0,0.1,700,10,3199.0,main_tuned,0.1,0.9
123,blend_low_010,2.6317235215328,1.1414345592525152,3.224002077352532,6.427175686430572,1142.324,5000,0.035,6,1.5,0.92,0.92,1.2,0.02,3200,0.04,4,1.0,0.95,0.95,1.0,0.02,1200,0.03,4,2.0,0.9,0.9,3.0,0.1,700,10,3199.0,main_tuned,0.1,0.9
91,blend_low_020,2.6360386075211597,1.143038806537847,3.25037313432836,6.422913006213843,1210.68,5000,0.035,6,1.5,0.92,0.92,1.2,0.02,3200,0.035,4,1.0,0.95,0.95,1.0,0.02,1200,0.025,4,2.0,0.9,0.9,3.0,0.1,700,20,3199.0,main_tuned,0.2,0.8
103,blend_low_030,2.6371439862210035,1.1437680027568535,3.3035337783045353,6.652212276214835,1218.276,5000,0.035,6,1.5,0.92,0.92,1.2,0.02,3200,0.035,4,1.0,0.95,0.95,1.0,0.02,1200,0.03,4,2.0,0.9,0.9,3.0,0.1,700,30,3199.0,main_tuned,0.3,0.7
113,blend_low_020,2.6375737370160235,1.1429091211433935,3.2412737642585587,6.429936254553252,1210.68,5000,0.035,6,1.5,0.92,0.92,1.2,0.02,3200,0.04,4,1.0,0.95,0.95,1.0,0.02,1200,0.025,4,2.0,0.9,0.9,3.0,0.1,700,20,3199.0,main_tuned,0.2,0.8
112,blend_low_010,2.638216823032653,1.1420500801709776,3.2407303370786558,6.357709052927674,1176.14,5000,0.035,6,1.5,0.92,0.92,1.2,0.02,3200,0.04,4,1.0,0.95,0.95,1.0,0.02,1200,0.025,4,2.0,0.9,0.9,3.0,0.1,700,10,3199.0,main_tuned,0.1,0.9
125,blend_low_030,2.6390029712367182,1.1432599805466142,3.304442279277932,6.602608695652183,1218.272,5000,0.035,6,1.5,0.92,0.92,1.2,0.02,3200,0.04,4,1.0,0.95,0.95,1.0,0.02,1200,0.03,4,2.0,0.9,0.9,3.0,0.1,700,30,3199.0,main_tuned,0.3,0.7
90,blend_low_010,2.639328413733029,1.1419818932016113,3.2355474774179345,6.350916099609095,1176.144,5000,0.035,6,1.5,0.92,0.92,1.2,0.02,3200,0.035,4,1.0,0.95,0.95,1.0,0.02,1200,0.025,4,2.0,0.9,0.9,3.0,0.1,700,10,3199.0,main_tuned,0.1,0.9
100,residual,2.6427340802373966,1.1404777559552133,3.250806451612906,6.359041034974877,1106.148,5000,0.035,6,1.5,0.92,0.92,1.2,0.02,3200,0.035,4,1.0,0.95,0.95,1.0,0.02,1200,0.03,4,2.0,0.9,0.9,3.0,0.1,700,0,3199.0,main_tuned,,
104,residual,2.6427340802373966,1.1404777559552133,3.250806451612906,6.359041034974877,1106.148,5000,0.035,6,1.5,0.92,0.92,1.2,0.02,3200,0.035,4,1.0,0.95,0.95,1.0,0.02,1200,0.03,4,2.0,0.9,0.9,3.0,0.1,700,40,3199.0,main_tuned,,
105,residual,2.6427340802373966,1.1404777559552133,3.250806451612906,6.359041034974877,1106.148,5000,0.035,6,1.5,0.92,0.92,1.2,0.02,3200,0.035,4,1.0,0.95,0.95,1.0,0.02,1200,0.03,4,2.0,0.9,0.9,3.0,0.1,700,50,3199.0,main_tuned,,
106,residual,2.6427340802373966,1.1404777559552133,3.250806451612906,6.359041034974877,1106.148,5000,0.035,6,1.5,0.92,0.92,1.2,0.02,3200,0.035,4,1.0,0.95,0.95,1.0,0.02,1200,0.03,4,2.0,0.9,0.9,3.0,0.1,700,60,3199.0,main_tuned,,
107,residual,2.6427340802373966,1.1404777559552133,3.250806451612906,6.359041034974877,1106.148,5000,0.035,6,1.5,0.92,0.92,1.2,0.02,3200,0.035,4,1.0,0.95,0.95,1.0,0.02,1200,0.03,4,2.0,0.9,0.9,3.0,0.1,700,70,3199.0,main_tuned,,
108,residual,2.6427340802373966,1.1404777559552133,3.250806451612906,6.359041034974877,1106.148,5000,0.035,6,1.5,0.92,0.92,1.2,0.02,3200,0.035,4,1.0,0.95,0.95,1.0,0.02,1200,0.03,4,2.0,0.9,0.9,3.0,0.1,700,80,3199.0,main_tuned,,
109,residual,2.6427340802373966,1.1404777559552133,3.250806451612906,6.359041034974877,1106.148,5000,0.035,6,1.5,0.92,0.92,1.2,0.02,3200,0.035,4,1.0,0.95,0.95,1.0,0.02,1200,0.03,4,2.0,0.9,0.9,3.0,0.1,700,90,3199.0,main_tuned,,
110,residual,2.6427340802373966,1.1404777559552133,3.250806451612906,6.359041034974877,1106.148,5000,0.035,6,1.5,0.92,0.92,1.2,0.02,3200,0.035,4,1.0,0.95,0.95,1.0,0.02,1200,0.03,4,2.0,0.9,0.9,3.0,0.1,700,100,3199.0,main_tuned,,
122,residual,2.6427340802373966,1.1404777559552133,3.250806451612906,6.359041034974877,1106.148,5000,0.035,6,1.5,0.92,0.92,1.2,0.02,3200,0.04,4,1.0,0.95,0.95,1.0,0.02,1200,0.03,4,2.0,0.9,0.9,3.0,0.1,700,0,3199.0,main_tuned,,
126,residual,2.6427340802373966,1.1404777559552133,3.250806451612906,6.359041034974877,1106.148,5000,0.035,6,1.5,0.92,0.92,1.2,0.02,3200,0.04,4,1.0,0.95,0.95,1.0,0.02,1200,0.03,4,2.0,0.9,0.9,3.0,0.1,700,40,3199.0,main_tuned,,
127,residual,2.6427340802373966,1.1404777559552133,3.250806451612906,6.359041034974877,1106.148,5000,0.035,6,1.5,0.92,0.92,1.2,0.02,3200,0.04,4,1.0,0.95,0.95,1.0,0.02,1200,0.03,4,2.0,0.9,0.9,3.0,0.1,700,50,3199.0,main_tuned,,
128,residual,2.6427340802373966,1.1404777559552133,3.250806451612906,6.359041034974877,1106.148,5000,0.035,6,1.5,0.92,0.92,1.2,0.02,3200,0.04,4,1.0,0.95,0.95,1.0,0.02,1200,0.03,4,2.0,0.9,0.9,3.0,0.1,700,60,3199.0,main_tuned,,
129,residual,2.6427340802373966,1.1404777559552133,3.250806451612906,6.359041034974877,1106.148,5000,0.035,6,1.5,0.92,0.92,1.2,0.02,3200,0.04,4,1.0,0.95,0.95,1.0,0.02,1200,0.03,4,2.0,0.9,0.9,3.0,0.1,700,70,3199.0,main_tuned,,
130,residual,2.6427340802373966,1.1404777559552133,3.250806451612906,6.359041034974877,1106.148,5000,0.035,6,1.5,0.92,0.92,1.2,0.02,3200,0.04,4,1.0,0.95,0.95,1.0,0.02,1200,0.03,4,2.0,0.9,0.9,3.0,0.1,700,80,3199.0,main_tuned,,
131,residual,2.6427340802373966,1.1404777559552133,3.250806451612906,6.359041034974877,1106.148,5000,0.035,6,1.5,0.92,0.92,1.2,0.02,3200,0.04,4,1.0,0.95,0.95,1.0,0.02,1200,0.03,4,2.0,0.9,0.9,3.0,0.1,700,90,3199.0,main_tuned,,
132,residual,2.6427340802373966,1.1404777559552133,3.250806451612906,6.359041034974877,1106.148,5000,0.035,6,1.5,0.92,0.92,1.2,0.02,3200,0.04,4,1.0,0.95,0.95,1.0,0.02,1200,0.03,4,2.0,0.9,0.9,3.0,0.1,700,100,3199.0,main_tuned,,
92,blend_low_030,2.6437670144952468,1.1435508808077706,3.2871428571428623,6.525977256574279,1246.236,5000,0.035,6,1.5,0.92,0.92,1.2,0.02,3200,0.035,4,1.0,0.95,0.95,1.0,0.02,1200,0.025,4,2.0,0.9,0.9,3.0,0.1,700,30,3199.0,main_tuned,0.3,0.7
114,blend_low_030,2.643994137164767,1.1437277954312726,3.289539860888189,6.584166666666669,1246.232,5000,0.035,6,1.5,0.92,0.92,1.2,0.02,3200,0.04,4,1.0,0.95,0.95,1.0,0.02,1200,0.025,4,2.0,0.9,0.9,3.0,0.1,700,30,3199.0,main_tuned,0.3,0.7
89,residual,2.649422136088636,1.1418386309924315,3.2018716707021824,6.275346841913115,1142.588,5000,0.035,6,1.5,0.92,0.92,1.2,0.02,3200,0.035,4,1.0,0.95,0.95,1.0,0.02,1200,0.025,4,2.0,0.9,0.9,3.0,0.1,700,0,3199.0,main_tuned,,
93,residual,2.649422136088636,1.1418386309924315,3.2018716707021824,6.275346841913115,1142.588,5000,0.035,6,1.5,0.92,0.92,1.2,0.02,3200,0.035,4,1.0,0.95,0.95,1.0,0.02,1200,0.025,4,2.0,0.9,0.9,3.0,0.1,700,40,3199.0,main_tuned,,
94,residual,2.649422136088636,1.1418386309924315,3.2018716707021824,6.275346841913115,1142.588,5000,0.035,6,1.5,0.92,0.92,1.2,0.02,3200,0.035,4,1.0,0.95,0.95,1.0,0.02,1200,0.025,4,2.0,0.9,0.9,3.0,0.1,700,50,3199.0,main_tuned,,
95,residual,2.649422136088636,1.1418386309924315,3.2018716707021824,6.275346841913115,1142.588,5000,0.035,6,1.5,0.92,0.92,1.2,0.02,3200,0.035,4,1.0,0.95,0.95,1.0,0.02,1200,0.025,4,2.0,0.9,0.9,3.0,0.1,700,60,3199.0,main_tuned,,
96,residual,2.649422136088636,1.1418386309924315,3.2018716707021824,6.275346841913115,1142.588,5000,0.035,6,1.5,0.92,0.92,1.2,0.02,3200,0.035,4,1.0,0.95,0.95,1.0,0.02,1200,0.025,4,2.0,0.9,0.9,3.0,0.1,700,70,3199.0,main_tuned,,
97,residual,2.649422136088636,1.1418386309924315,3.2018716707021824,6.275346841913115,1142.588,5000,0.035,6,1.5,0.92,0.92,1.2,0.02,3200,0.035,4,1.0,0.95,0.95,1.0,0.02,1200,0.025,4,2.0,0.9,0.9,3.0,0.1,700,80,3199.0,main_tuned,,
98,residual,2.649422136088636,1.1418386309924315,3.2018716707021824,6.275346841913115,1142.588,5000,0.035,6,1.5,0.92,0.92,1.2,0.02,3200,0.035,4,1.0,0.95,0.95,1.0,0.02,1200,0.025,4,2.0,0.9,0.9,3.0,0.1,700,90,3199.0,main_tuned,,
99,residual,2.649422136088636,1.1418386309924315,3.2018716707021824,6.275346841913115,1142.588,5000,0.035,6,1.5,0.92,0.92,1.2,0.02,3200,0.035,4,1.0,0.95,0.95,1.0,0.02,1200,0.025,4,2.0,0.9,0.9,3.0,0.1,700,100,3199.0,main_tuned,,
111,residual,2.649422136088636,1.1418386309924315,3.2018716707021824,6.275346841913115,1142.588,5000,0.035,6,1.5,0.92,0.92,1.2,0.02,3200,0.04,4,1.0,0.95,0.95,1.0,0.02,1200,0.025,4,2.0,0.9,0.9,3.0,0.1,700,0,3199.0,main_tuned,,
115,residual,2.649422136088636,1.1418386309924315,3.2018716707021824,6.275346841913115,1142.588,5000,0.035,6,1.5,0.92,0.92,1.2,0.02,3200,0.04,4,1.0,0.95,0.95,1.0,0.02,1200,0.025,4,2.0,0.9,0.9,3.0,0.1,700,40,3199.0,main_tuned,,
116,residual,2.649422136088636,1.1418386309924315,3.2018716707021824,6.275346841913115,1142.588,5000,0.035,6,1.5,0.92,0.92,1.2,0.02,3200,0.04,4,1.0,0.95,0.95,1.0,0.02,1200,0.025,4,2.0,0.9,0.9,3.0,0.1,700,50,3199.0,main_tuned,,
117,residual,2.649422136088636,1.1418386309924315,3.2018716707021824,6.275346841913115,1142.588,5000,0.035,6,1.5,0.92,0.92,1.2,0.02,3200,0.04,4,1.0,0.95,0.95,1.0,0.02,1200,0.025,4,2.0,0.9,0.9,3.0,0.1,700,60,3199.0,main_tuned,,
118,residual,2.649422136088636,1.1418386309924315,3.2018716707021824,6.275346841913115,1142.588,5000,0.035,6,1.5,0.92,0.92,1.2,0.02,3200,0.04,4,1.0,0.95,0.95,1.0,0.02,1200,0.025,4,2.0,0.9,0.9,3.0,0.1,700,70,3199.0,main_tuned,,
119,residual,2.649422136088636,1.1418386309924315,3.2018716707021824,6.275346841913115,1142.588,5000,0.035,6,1.5,0.92,0.92,1.2,0.02,3200,0.04,4,1.0,0.95,0.95,1.0,0.02,1200,0.025,4,2.0,0.9,0.9,3.0,0.1,700,80,3199.0,main_tuned,,
120,residual,2.649422136088636,1.1418386309924315,3.2018716707021824,6.275346841913115,1142.588,5000,0.035,6,1.5,0.92,0.92,1.2,0.02,3200,0.04,4,1.0,0.95,0.95,1.0,0.02,1200,0.025,4,2.0,0.9,0.9,3.0,0.1,700,90,3199.0,main_tuned,,
121,residual,2.649422136088636,1.1418386309924315,3.2018716707021824,6.275346841913115,1142.588,5000,0.035,6,1.5,0.92,0.92,1.2,0.02,3200,0.04,4,1.0,0.95,0.95,1.0,0.02,1200,0.025,4,2.0,0.9,0.9,3.0,0.1,700,100,3199.0,main_tuned,,
167,blend_low_010,2.6533054412264065,1.1305121023853295,3.3671428571428588,6.9167270531400975,1068.552,5000,0.035,7,1.5,0.92,0.92,1.2,0.02,3200,0.04,4,1.0,0.95,0.95,1.0,0.02,1200,0.03,4,2.0,0.9,0.9,3.0,0.1,700,10,3199.0,main_tuned,0.1,0.9
145,blend_low_010,2.6542875859606654,1.1304941537108555,3.336666666666679,6.9167270531400975,1068.552,5000,0.035,7,1.5,0.92,0.92,1.2,0.02,3200,0.035,4,1.0,0.95,0.95,1.0,0.02,1200,0.03,4,2.0,0.9,0.9,3.0,0.1,700,10,3199.0,main_tuned,0.1,0.9
168,blend_low_020,2.655012239005275,1.1297401218380718,3.333684210526317,7.0,1107.572,5000,0.035,7,1.5,0.92,0.92,1.2,0.02,3200,0.04,4,1.0,0.95,0.95,1.0,0.02,1200,0.03,4,2.0,0.9,0.9,3.0,0.1,700,20,3199.0,main_tuned,0.2,0.8
146,blend_low_020,2.655886641740397,1.1297208599600164,3.3333333333333335,6.92148084708814,1107.576,5000,0.035,7,1.5,0.92,0.92,1.2,0.02,3200,0.035,4,1.0,0.95,0.95,1.0,0.02,1200,0.03,4,2.0,0.9,0.9,3.0,0.1,700,20,3199.0,main_tuned,0.2,0.8
144,residual,2.662477086448566,1.1295568360141774,3.266984126984128,6.7341666666666695,1030.904,5000,0.035,7,1.5,0.92,0.92,1.2,0.02,3200,0.035,4,1.0,0.95,0.95,1.0,0.02,1200,0.03,4,2.0,0.9,0.9,3.0,0.1,700,0,3199.0,main_tuned,,
147,residual,2.662477086448566,1.1295568360141774,3.266984126984128,6.7341666666666695,1030.904,5000,0.035,7,1.5,0.92,0.92,1.2,0.02,3200,0.035,4,1.0,0.95,0.95,1.0,0.02,1200,0.03,4,2.0,0.9,0.9,3.0,0.1,700,30,3199.0,main_tuned,,
148,residual,2.662477086448566,1.1295568360141774,3.266984126984128,6.7341666666666695,1030.904,5000,0.035,7,1.5,0.92,0.92,1.2,0.02,3200,0.035,4,1.0,0.95,0.95,1.0,0.02,1200,0.03,4,2.0,0.9,0.9,3.0,0.1,700,40,3199.0,main_tuned,,
149,residual,2.662477086448566,1.1295568360141774,3.266984126984128,6.7341666666666695,1030.904,5000,0.035,7,1.5,0.92,0.92,1.2,0.02,3200,0.035,4,1.0,0.95,0.95,1.0,0.02,1200,0.03,4,2.0,0.9,0.9,3.0,0.1,700,50,3199.0,main_tuned,,
150,residual,2.662477086448566,1.1295568360141774,3.266984126984128,6.7341666666666695,1030.904,5000,0.035,7,1.5,0.92,0.92,1.2,0.02,3200,0.035,4,1.0,0.95,0.95,1.0,0.02,1200,0.03,4,2.0,0.9,0.9,3.0,0.1,700,60,3199.0,main_tuned,,
151,residual,2.662477086448566,1.1295568360141774,3.266984126984128,6.7341666666666695,1030.904,5000,0.035,7,1.5,0.92,0.92,1.2,0.02,3200,0.035,4,1.0,0.95,0.95,1.0,0.02,1200,0.03,4,2.0,0.9,0.9,3.0,0.1,700,70,3199.0,main_tuned,,
152,residual,2.662477086448566,1.1295568360141774,3.266984126984128,6.7341666666666695,1030.904,5000,0.035,7,1.5,0.92,0.92,1.2,0.02,3200,0.035,4,1.0,0.95,0.95,1.0,0.02,1200,0.03,4,2.0,0.9,0.9,3.0,0.1,700,80,3199.0,main_tuned,,
153,residual,2.662477086448566,1.1295568360141774,3.266984126984128,6.7341666666666695,1030.904,5000,0.035,7,1.5,0.92,0.92,1.2,0.02,3200,0.035,4,1.0,0.95,0.95,1.0,0.02,1200,0.03,4,2.0,0.9,0.9,3.0,0.1,700,90,3199.0,main_tuned,,
154,residual,2.662477086448566,1.1295568360141774,3.266984126984128,6.7341666666666695,1030.904,5000,0.035,7,1.5,0.92,0.92,1.2,0.02,3200,0.035,4,1.0,0.95,0.95,1.0,0.02,1200,0.03,4,2.0,0.9,0.9,3.0,0.1,700,100,3199.0,main_tuned,,
166,residual,2.662477086448566,1.1295568360141774,3.266984126984128,6.7341666666666695,1030.904,5000,0.035,7,1.5,0.92,0.92,1.2,0.02,3200,0.04,4,1.0,0.95,0.95,1.0,0.02,1200,0.03,4,2.0,0.9,0.9,3.0,0.1,700,0,3199.0,main_tuned,,
169,residual,2.662477086448566,1.1295568360141774,3.266984126984128,6.7341666666666695,1030.904,5000,0.035,7,1.5,0.92,0.92,1.2,0.02,3200,0.04,4,1.0,0.95,0.95,1.0,0.02,1200,0.03,4,2.0,0.9,0.9,3.0,0.1,700,30,3199.0,main_tuned,,
170,residual,2.662477086448566,1.1295568360141774,3.266984126984128,6.7341666666666695,1030.904,5000,0.035,7,1.5,0.92,0.92,1.2,0.02,3200,0.04,4,1.0,0.95,0.95,1.0,0.02,1200,0.03,4,2.0,0.9,0.9,3.0,0.1,700,40,3199.0,main_tuned,,
171,residual,2.662477086448566,1.1295568360141774,3.266984126984128,6.7341666666666695,1030.904,5000,0.035,7,1.5,0.92,0.92,1.2,0.02,3200,0.04,4,1.0,0.95,0.95,1.0,0.02,1200,0.03,4,2.0,0.9,0.9,3.0,0.1,700,50,3199.0,main_tuned,,
172,residual,2.662477086448566,1.1295568360141774,3.266984126984128,6.7341666666666695,1030.904,5000,0.035,7,1.5,0.92,0.92,1.2,0.02,3200,0.04,4,1.0,0.95,0.95,1.0,0.02,1200,0.03,4,2.0,0.9,0.9,3.0,0.1,700,60,3199.0,main_tuned,,
173,residual,2.662477086448566,1.1295568360141774,3.266984126984128,6.7341666666666695,1030.904,5000,0.035,7,1.5,0.92,0.92,1.2,0.02,3200,0.04,4,1.0,0.95,0.95,1.0,0.02,1200,0.03,4,2.0,0.9,0.9,3.0,0.1,700,70,3199.0,main_tuned,,
174,residual,2.662477086448566,1.1295568360141774,3.266984126984128,6.7341666666666695,1030.904,5000,0.035,7,1.5,0.92,0.92,1.2,0.02,3200,0.04,4,1.0,0.95,0.95,1.0,0.02,1200,0.03,4,2.0,0.9,0.9,3.0,0.1,700,80,3199.0,main_tuned,,
175,residual,2.662477086448566,1.1295568360141774,3.266984126984128,6.7341666666666695,1030.904,5000,0.035,7,1.5,0.92,0.92,1.2,0.02,3200,0.04,4,1.0,0.95,0.95,1.0,0.02,1200,0.03,4,2.0,0.9,0.9,3.0,0.1,700,90,3199.0,main_tuned,,
176,residual,2.662477086448566,1.1295568360141774,3.266984126984128,6.7341666666666695,1030.904,5000,0.035,7,1.5,0.92,0.92,1.2,0.02,3200,0.04,4,1.0,0.95,0.95,1.0,0.02,1200,0.03,4,2.0,0.9,0.9,3.0,0.1,700,100,3199.0,main_tuned,,
156,blend_low_010,2.6680037205169698,1.1299638113313322,3.3457235958523985,6.985690820708324,1102.752,5000,0.035,7,1.5,0.92,0.92,1.2,0.02,3200,0.04,4,1.0,0.95,0.95,1.0,0.02,1200,0.025,4,2.0,0.9,0.9,3.0,0.1,700,10,3199.0,main_tuned,0.1,0.9
134,blend_low_010,2.669936138014916,1.129920256918331,3.3540543300653733,6.956985055688713,1102.752,5000,0.035,7,1.5,0.92,0.92,1.2,0.02,3200,0.035,4,1.0,0.95,0.95,1.0,0.02,1200,0.025,4,2.0,0.9,0.9,3.0,0.1,700,10,3199.0,main_tuned,0.1,0.9
157,blend_low_020,2.670378651429408,1.130238158737368,3.32056737588653,7.002941176470599,1139.028,5000,0.035,7,1.5,0.92,0.92,1.2,0.02,3200,0.04,4,1.0,0.95,0.95,1.0,0.02,1200,0.025,4,2.0,0.9,0.9,3.0,0.1,700,20,3199.0,main_tuned,0.2,0.8
135,blend_low_020,2.6706577251195007,1.130248540943401,3.32056737588653,7.0,1139.032,5000,0.035,7,1.5,0.92,0.92,1.2,0.02,3200,0.035,4,1.0,0.95,0.95,1.0,0.02,1200,0.025,4,2.0,0.9,0.9,3.0,0.1,700,20,3199.0,main_tuned,0.2,0.8
133,residual,2.677173307982526,1.1299055615210807,3.336444444444456,6.821498015873025,1067.628,5000,0.035,7,1.5,0.92,0.92,1.2,0.02,3200,0.035,4,1.0,0.95,0.95,1.0,0.02,1200,0.025,4,2.0,0.9,0.9,3.0,0.1,700,0,3199.0,main_tuned,,
136,residual,2.677173307982526,1.1299055615210807,3.336444444444456,6.821498015873025,1067.628,5000,0.035,7,1.5,0.92,0.92,1.2,0.02,3200,0.035,4,1.0,0.95,0.95,1.0,0.02,1200,0.025,4,2.0,0.9,0.9,3.0,0.1,700,30,3199.0,main_tuned,,
137,residual,2.677173307982526,1.1299055615210807,3.336444444444456,6.821498015873025,1067.628,5000,0.035,7,1.5,0.92,0.92,1.2,0.02,3200,0.035,4,1.0,0.95,0.95,1.0,0.02,1200,0.025,4,2.0,0.9,0.9,3.0,0.1,700,40,3199.0,main_tuned,,
138,residual,2.677173307982526,1.1299055615210807,3.336444444444456,6.821498015873025,1067.628,5000,0.035,7,1.5,0.92,0.92,1.2,0.02,3200,0.035,4,1.0,0.95,0.95,1.0,0.02,1200,0.025,4,2.0,0.9,0.9,3.0,0.1,700,50,3199.0,main_tuned,,
139,residual,2.677173307982526,1.1299055615210807,3.336444444444456,6.821498015873025,1067.628,5000,0.035,7,1.5,0.92,0.92,1.2,0.02,3200,0.035,4,1.0,0.95,0.95,1.0,0.02,1200,0.025,4,2.0,0.9,0.9,3.0,0.1,700,60,3199.0,main_tuned,,
140,residual,2.677173307982526,1.1299055615210807,3.336444444444456,6.821498015873025,1067.628,5000,0.035,7,1.5,0.92,0.92,1.2,0.02,3200,0.035,4,1.0,0.95,0.95,1.0,0.02,1200,0.025,4,2.0,0.9,0.9,3.0,0.1,700,70,3199.0,main_tuned,,
141,residual,2.677173307982526,1.1299055615210807,3.336444444444456,6.821498015873025,1067.628,5000,0.035,7,1.5,0.92,0.92,1.2,0.02,3200,0.035,4,1.0,0.95,0.95,1.0,0.02,1200,0.025,4,2.0,0.9,0.9,3.0,0.1,700,80,3199.0,main_tuned,,
142,residual,2.677173307982526,1.1299055615210807,3.336444444444456,6.821498015873025,1067.628,5000,0.035,7,1.5,0.92,0.92,1.2,0.02,3200,0.035,4,1.0,0.95,0.95,1.0,0.02,1200,0.025,4,2.0,0.9,0.9,3.0,0.1,700,90,3199.0,main_tuned,,
143,residual,2.677173307982526,1.1299055615210807,3.336444444444456,6.821498015873025,1067.628,5000,0.035,7,1.5,0.92,0.92,1.2,0.02,3200,0.035,4,1.0,0.95,0.95,1.0,0.02,1200,0.025,4,2.0,0.9,0.9,3.0,0.1,700,100,3199.0,main_tuned,,
155,residual,2.677173307982526,1.1299055615210807,3.336444444444456,6.821498015873025,1067.628,5000,0.035,7,1.5,0.92,0.92,1.2,0.02,3200,0.04,4,1.0,0.95,0.95,1.0,0.02,1200,0.025,4,2.0,0.9,0.9,3.0,0.1,700,0,3199.0,main_tuned,,
158,residual,2.677173307982526,1.1299055615210807,3.336444444444456,6.821498015873025,1067.628,5000,0.035,7,1.5,0.92,0.92,1.2,0.02,3200,0.04,4,1.0,0.95,0.95,1.0,0.02,1200,0.025,4,2.0,0.9,0.9,3.0,0.1,700,30,3199.0,main_tuned,,
159,residual,2.677173307982526,1.1299055615210807,3.336444444444456,6.821498015873025,1067.628,5000,0.035,7,1.5,0.92,0.92,1.2,0.02,3200,0.04,4,1.0,0.95,0.95,1.0,0.02,1200,0.025,4,2.0,0.9,0.9,3.0,0.1,700,40,3199.0,main_tuned,,
160,residual,2.677173307982526,1.1299055615210807,3.336444444444456,6.821498015873025,1067.628,5000,0.035,7,1.5,0.92,0.92,1.2,0.02,3200,0.04,4,1.0,0.95,0.95,1.0,0.02,1200,0.025,4,2.0,0.9,0.9,3.0,0.1,700,50,3199.0,main_tuned,,
161,residual,2.677173307982526,1.1299055615210807,3.336444444444456,6.821498015873025,1067.628,5000,0.035,7,1.5,0.92,0.92,1.2,0.02,3200,0.04,4,1.0,0.95,0.95,1.0,0.02,1200,0.025,4,2.0,0.9,0.9,3.0,0.1,700,60,3199.0,main_tuned,,
162,residual,2.677173307982526,1.1299055615210807,3.336444444444456,6.821498015873025,1067.628,5000,0.035,7,1.5,0.92,0.92,1.2,0.02,3200,0.04,4,1.0,0.95,0.95,1.0,0.02,1200,0.025,4,2.0,0.9,0.9,3.0,0.1,700,70,3199.0,main_tuned,,
163,residual,2.677173307982526,1.1299055615210807,3.336444444444456,6.821498015873025,1067.628,5000,0.035,7,1.5,0.92,0.92,1.2,0.02,3200,0.04,4,1.0,0.95,0.95,1.0,0.02,1200,0.025,4,2.0,0.9,0.9,3.0,0.1,700,80,3199.0,main_tuned,,
164,residual,2.677173307982526,1.1299055615210807,3.336444444444456,6.821498015873025,1067.628,5000,0.035,7,1.5,0.92,0.92,1.2,0.02,3200,0.04,4,1.0,0.95,0.95,1.0,0.02,1200,0.025,4,2.0,0.9,0.9,3.0,0.1,700,90,3199.0,main_tuned,,
165,residual,2.677173307982526,1.1299055615210807,3.336444444444456,6.821498015873025,1067.628,5000,0.035,7,1.5,0.92,0.92,1.2,0.02,3200,0.04,4,1.0,0.95,0.95,1.0,0.02,1200,0.025,4,2.0,0.9,0.9,3.0,0.1,700,100,3199.0,main_tuned,,
14,blend_low_020,2.7660317787452264,1.149597946443701,3.287170623902085,6.652565217391306,1649.348,5000,0.03,6,1.5,0.92,0.92,1.2,0.02,3200,0.035,4,1.0,0.95,0.95,1.0,0.02,1200,0.03,4,2.0,0.9,0.9,3.0,0.1,700,20,3199.0,main_tuned,0.2,0.8
36,blend_low_020,2.7689834708310466,1.1496343588187596,3.2871428571428623,6.652565217391306,1649.348,5000,0.03,6,1.5,0.92,0.92,1.2,0.02,3200,0.04,4,1.0,0.95,0.95,1.0,0.02,1200,0.03,4,2.0,0.9,0.9,3.0,0.1,700,20,3199.0,main_tuned,0.2,0.8
13,blend_low_010,2.7704190757057745,1.1497283769150872,3.3072463768116047,6.611590038314177,1620.168,5000,0.03,6,1.5,0.92,0.92,1.2,0.02,3200,0.035,4,1.0,0.95,0.95,1.0,0.02,1200,0.03,4,2.0,0.9,0.9,3.0,0.1,700,10,3199.0,main_tuned,0.1,0.9
35,blend_low_010,2.770696036910236,1.149490033775911,3.3345299190519064,6.611590038314177,1620.164,5000,0.03,6,1.5,0.92,0.92,1.2,0.02,3200,0.04,4,1.0,0.95,0.95,1.0,0.02,1200,0.03,4,2.0,0.9,0.9,3.0,0.1,700,10,3199.0,main_tuned,0.1,0.9
15,blend_low_030,2.776236739916496,1.1521325838981649,3.3389064940352946,6.813322185061322,1679.056,5000,0.03,6,1.5,0.92,0.92,1.2,0.02,3200,0.035,4,1.0,0.95,0.95,1.0,0.02,1200,0.03,4,2.0,0.9,0.9,3.0,0.1,700,30,3199.0,main_tuned,0.3,0.7
37,blend_low_030,2.7765503561180256,1.152201293717278,3.33922984325245,6.812947990290574,1679.048,5000,0.03,6,1.5,0.92,0.92,1.2,0.02,3200,0.04,4,1.0,0.95,0.95,1.0,0.02,1200,0.03,4,2.0,0.9,0.9,3.0,0.1,700,30,3199.0,main_tuned,0.3,0.7
4,blend_low_030,2.779566057484239,1.1524320424538093,3.34645157370276,6.7456091717127,1722.576,5000,0.03,6,1.5,0.92,0.92,1.2,0.02,3200,0.035,4,1.0,0.95,0.95,1.0,0.02,1200,0.025,4,2.0,0.9,0.9,3.0,0.1,700,30,3199.0,main_tuned,0.3,0.7
26,blend_low_030,2.782742299791889,1.1527700155300953,3.349863077720737,6.756677703568952,1722.568,5000,0.03,6,1.5,0.92,0.92,1.2,0.02,3200,0.04,4,1.0,0.95,0.95,1.0,0.02,1200,0.025,4,2.0,0.9,0.9,3.0,0.1,700,30,3199.0,main_tuned,0.3,0.7
16,blend_low_040,2.784845284405609,1.1532220698857354,3.361819306115448,6.943654227716728,1709.296,5000,0.03,6,1.5,0.92,0.92,1.2,0.02,3200,0.035,4,1.0,0.95,0.95,1.0,0.02,1200,0.03,4,2.0,0.9,0.9,3.0,0.1,700,40,3199.0,main_tuned,0.4,0.6
3,blend_low_020,2.785120759032121,1.1503386222477778,3.3338770430415456,6.611541471048515,1698.296,5000,0.03,6,1.5,0.92,0.92,1.2,0.02,3200,0.035,4,1.0,0.95,0.95,1.0,0.02,1200,0.025,4,2.0,0.9,0.9,3.0,0.1,700,20,3199.0,main_tuned,0.2,0.8
25,blend_low_020,2.785418837670251,1.150351408148845,3.348456024262484,6.579629629629632,1698.296,5000,0.03,6,1.5,0.92,0.92,1.2,0.02,3200,0.04,4,1.0,0.95,0.95,1.0,0.02,1200,0.025,4,2.0,0.9,0.9,3.0,0.1,700,20,3199.0,main_tuned,0.2,0.8
12,residual,2.787977517094482,1.1491879198199215,3.2242464276325467,6.497361111111111,1591.504,5000,0.03,6,1.5,0.92,0.92,1.2,0.02,3200,0.035,4,1.0,0.95,0.95,1.0,0.02,1200,0.03,4,2.0,0.9,0.9,3.0,0.1,700,0,3199.0,main_tuned,,
17,residual,2.787977517094482,1.1491879198199215,3.2242464276325467,6.497361111111111,1591.504,5000,0.03,6,1.5,0.92,0.92,1.2,0.02,3200,0.035,4,1.0,0.95,0.95,1.0,0.02,1200,0.03,4,2.0,0.9,0.9,3.0,0.1,700,50,3199.0,main_tuned,,
18,residual,2.787977517094482,1.1491879198199215,3.2242464276325467,6.497361111111111,1591.504,5000,0.03,6,1.5,0.92,0.92,1.2,0.02,3200,0.035,4,1.0,0.95,0.95,1.0,0.02,1200,0.03,4,2.0,0.9,0.9,3.0,0.1,700,60,3199.0,main_tuned,,
19,residual,2.787977517094482,1.1491879198199215,3.2242464276325467,6.497361111111111,1591.504,5000,0.03,6,1.5,0.92,0.92,1.2,0.02,3200,0.035,4,1.0,0.95,0.95,1.0,0.02,1200,0.03,4,2.0,0.9,0.9,3.0,0.1,700,70,3199.0,main_tuned,,
20,residual,2.787977517094482,1.1491879198199215,3.2242464276325467,6.497361111111111,1591.504,5000,0.03,6,1.5,0.92,0.92,1.2,0.02,3200,0.035,4,1.0,0.95,0.95,1.0,0.02,1200,0.03,4,2.0,0.9,0.9,3.0,0.1,700,80,3199.0,main_tuned,,
21,residual,2.787977517094482,1.1491879198199215,3.2242464276325467,6.497361111111111,1591.504,5000,0.03,6,1.5,0.92,0.92,1.2,0.02,3200,0.035,4,1.0,0.95,0.95,1.0,0.02,1200,0.03,4,2.0,0.9,0.9,3.0,0.1,700,90,3199.0,main_tuned,,
22,residual,2.787977517094482,1.1491879198199215,3.2242464276325467,6.497361111111111,1591.504,5000,0.03,6,1.5,0.92,0.92,1.2,0.02,3200,0.035,4,1.0,0.95,0.95,1.0,0.02,1200,0.03,4,2.0,0.9,0.9,3.0,0.1,700,100,3199.0,main_tuned,,
34,residual,2.787977517094482,1.1491879198199215,3.2242464276325467,6.497361111111111,1591.504,5000,0.03,6,1.5,0.92,0.92,1.2,0.02,3200,0.04,4,1.0,0.95,0.95,1.0,0.02,1200,0.03,4,2.0,0.9,0.9,3.0,0.1,700,0,3199.0,main_tuned,,
38,residual,2.787977517094482,1.1491879198199215,3.2242464276325467,6.497361111111111,1591.504,5000,0.03,6,1.5,0.92,0.92,1.2,0.02,3200,0.04,4,1.0,0.95,0.95,1.0,0.02,1200,0.03,4,2.0,0.9,0.9,3.0,0.1,700,40,3199.0,main_tuned,,
39,residual,2.787977517094482,1.1491879198199215,3.2242464276325467,6.497361111111111,1591.504,5000,0.03,6,1.5,0.92,0.92,1.2,0.02,3200,0.04,4,1.0,0.95,0.95,1.0,0.02,1200,0.03,4,2.0,0.9,0.9,3.0,0.1,700,50,3199.0,main_tuned,,
40,residual,2.787977517094482,1.1491879198199215,3.2242464276325467,6.497361111111111,1591.504,5000,0.03,6,1.5,0.92,0.92,1.2,0.02,3200,0.04,4,1.0,0.95,0.95,1.0,0.02,1200,0.03,4,2.0,0.9,0.9,3.0,0.1,700,60,3199.0,main_tuned,,
41,residual,2.787977517094482,1.1491879198199215,3.2242464276325467,6.497361111111111,1591.504,5000,0.03,6,1.5,0.92,0.92,1.2,0.02,3200,0.04,4,1.0,0.95,0.95,1.0,0.02,1200,0.03,4,2.0,0.9,0.9,3.0,0.1,700,70,3199.0,main_tuned,,
42,residual,2.787977517094482,1.1491879198199215,3.2242464276325467,6.497361111111111,1591.504,5000,0.03,6,1.5,0.92,0.92,1.2,0.02,3200,0.04,4,1.0,0.95,0.95,1.0,0.02,1200,0.03,4,2.0,0.9,0.9,3.0,0.1,700,80,3199.0,main_tuned,,
43,residual,2.787977517094482,1.1491879198199215,3.2242464276325467,6.497361111111111,1591.504,5000,0.03,6,1.5,0.92,0.92,1.2,0.02,3200,0.04,4,1.0,0.95,0.95,1.0,0.02,1200,0.03,4,2.0,0.9,0.9,3.0,0.1,700,90,3199.0,main_tuned,,
44,residual,2.787977517094482,1.1491879198199215,3.2242464276325467,6.497361111111111,1591.504,5000,0.03,6,1.5,0.92,0.92,1.2,0.02,3200,0.04,4,1.0,0.95,0.95,1.0,0.02,1200,0.03,4,2.0,0.9,0.9,3.0,0.1,700,100,3199.0,main_tuned,,
24,blend_low_010,2.7915924317967327,1.1496774338623772,3.333333333333333,6.441815476190492,1674.36,5000,0.03,6,1.5,0.92,0.92,1.2,0.02,3200,0.04,4,1.0,0.95,0.95,1.0,0.02,1200,0.025,4,2.0,0.9,0.9,3.0,0.1,700,10,3199.0,main_tuned,0.1,0.9
2,blend_low_010,2.792285408067759,1.1494376194464233,3.333333333333333,6.43824404761905,1674.36,5000,0.03,6,1.5,0.92,0.92,1.2,0.02,3200,0.035,4,1.0,0.95,0.95,1.0,0.02,1200,0.025,4,2.0,0.9,0.9,3.0,0.1,700,10,3199.0,main_tuned,0.1,0.9
5,blend_low_040,2.8005885620370594,1.1537668691449987,3.393767507002804,6.945461658841944,1747.2,5000,0.03,6,1.5,0.92,0.92,1.2,0.02,3200,0.035,4,1.0,0.95,0.95,1.0,0.02,1200,0.025,4,2.0,0.9,0.9,3.0,0.1,700,40,3199.0,main_tuned,0.4,0.6
27,blend_low_040,2.803816743038756,1.1538278747348798,3.3853114124565007,7.0,1747.192,5000,0.03,6,1.5,0.92,0.92,1.2,0.02,3200,0.04,4,1.0,0.95,0.95,1.0,0.02,1200,0.025,4,2.0,0.9,0.9,3.0,0.1,700,40,3199.0,main_tuned,0.4,0.6
1,residual,2.812527928950088,1.150110585480145,3.285814185814186,6.432601751844052,1650.764,5000,0.03,6,1.5,0.92,0.92,1.2,0.02,3200,0.035,4,1.0,0.95,0.95,1.0,0.02,1200,0.025,4,2.0,0.9,0.9,3.0,0.1,700,0,3199.0,main_tuned,,
6,residual,2.812527928950088,1.150110585480145,3.285814185814186,6.432601751844052,1650.764,5000,0.03,6,1.5,0.92,0.92,1.2,0.02,3200,0.035,4,1.0,0.95,0.95,1.0,0.02,1200,0.025,4,2.0,0.9,0.9,3.0,0.1,700,50,3199.0,main_tuned,,
7,residual,2.812527928950088,1.150110585480145,3.285814185814186,6.432601751844052,1650.764,5000,0.03,6,1.5,0.92,0.92,1.2,0.02,3200,0.035,4,1.0,0.95,0.95,1.0,0.02,1200,0.025,4,2.0,0.9,0.9,3.0,0.1,700,60,3199.0,main_tuned,,
8,residual,2.812527928950088,1.150110585480145,3.285814185814186,6.432601751844052,1650.764,5000,0.03,6,1.5,0.92,0.92,1.2,0.02,3200,0.035,4,1.0,0.95,0.95,1.0,0.02,1200,0.025,4,2.0,0.9,0.9,3.0,0.1,700,70,3199.0,main_tuned,,
9,residual,2.812527928950088,1.150110585480145,3.285814185814186,6.432601751844052,1650.764,5000,0.03,6,1.5,0.92,0.92,1.2,0.02,3200,0.035,4,1.0,0.95,0.95,1.0,0.02,1200,0.025,4,2.0,0.9,0.9,3.0,0.1,700,80,3199.0,main_tuned,,
10,residual,2.812527928950088,1.150110585480145,3.285814185814186,6.432601751844052,1650.764,5000,0.03,6,1.5,0.92,0.92,1.2,0.02,3200,0.035,4,1.0,0.95,0.95,1.0,0.02,1200,0.025,4,2.0,0.9,0.9,3.0,0.1,700,90,3199.0,main_tuned,,
11,residual,2.812527928950088,1.150110585480145,3.285814185814186,6.432601751844052,1650.764,5000,0.03,6,1.5,0.92,0.92,1.2,0.02,3200,0.035,4,1.0,0.95,0.95,1.0,0.02,1200,0.025,4,2.0,0.9,0.9,3.0,0.1,700,100,3199.0,main_tuned,,
23,residual,2.812527928950088,1.150110585480145,3.285814185814186,6.432601751844052,1650.764,5000,0.03,6,1.5,0.92,0.92,1.2,0.02,3200,0.04,4,1.0,0.95,0.95,1.0,0.02,1200,0.025,4,2.0,0.9,0.9,3.0,0.1,700,0,3199.0,main_tuned,,
28,residual,2.812527928950088,1.150110585480145,3.285814185814186,6.432601751844052,1650.764,5000,0.03,6,1.5,0.92,0.92,1.2,0.02,3200,0.04,4,1.0,0.95,0.95,1.0,0.02,1200,0.025,4,2.0,0.9,0.9,3.0,0.1,700,50,3199.0,main_tuned,,
29,residual,2.812527928950088,1.150110585480145,3.285814185814186,6.432601751844052,1650.764,5000,0.03,6,1.5,0.92,0.92,1.2,0.02,3200,0.04,4,1.0,0.95,0.95,1.0,0.02,1200,0.025,4,2.0,0.9,0.9,3.0,0.1,700,60,3199.0,main_tuned,,
30,residual,2.812527928950088,1.150110585480145,3.285814185814186,6.432601751844052,1650.764,5000,0.03,6,1.5,0.92,0.92,1.2,0.02,3200,0.04,4,1.0,0.95,0.95,1.0,0.02,1200,0.025,4,2.0,0.9,0.9,3.0,0.1,700,70,3199.0,main_tuned,,
31,residual,2.812527928950088,1.150110585480145,3.285814185814186,6.432601751844052,1650.764,5000,0.03,6,1.5,0.92,0.92,1.2,0.02,3200,0.04,4,1.0,0.95,0.95,1.0,0.02,1200,0.025,4,2.0,0.9,0.9,3.0,0.1,700,80,3199.0,main_tuned,,
32,residual,2.812527928950088,1.150110585480145,3.285814185814186,6.432601751844052,1650.764,5000,0.03,6,1.5,0.92,0.92,1.2,0.02,3200,0.04,4,1.0,0.95,0.95,1.0,0.02,1200,0.025,4,2.0,0.9,0.9,3.0,0.1,700,90,3199.0,main_tuned,,
33,residual,2.812527928950088,1.150110585480145,3.285814185814186,6.432601751844052,1650.764,5000,0.03,6,1.5,0.92,0.92,1.2,0.02,3200,0.04,4,1.0,0.95,0.95,1.0,0.02,1200,0.025,4,2.0,0.9,0.9,3.0,0.1,700,100,3199.0,main_tuned,,
